,Hardness
6058,4.463000000000003
4150,5.816000000000002
924,4.450000000000003
910,6.582999999999999
3108,4.439000000000002
3044,2.4730000000000003
7221,5.997999999999999
9065,5.3580000000000005
4423,3.5460000000000025
4382,5.309000000000001
6599,2.819000000000002
2569,2.9570000000000016
9452,5.901000000000002
2257,5.591000000000001
4081,5.394000000000001
6624,5.627000000000001
2050,4.619000000000002
10077,5.070000000000002
9128,6.015999999999999
5520,5.995999999999999
1741,4.006000000000002
2676,5.581000000000001
5945,4.750000000000001
8960,1.9580000000000024
3015,3.710000000000002
326,4.218000000000003
8976,5.8389999999999995
743,5.645000000000002
7195,5.725000000000002
1932,2.6270000000000016
6199,3.1260000000000012
7404,5.345
1490,4.457000000000002
6064,5.634999999999998
4408,3.1290000000000013
4719,2.6330000000000013
2336,5.396000000000002
7603,3.6580000000000026
1798,5.7
2450,5.8020000000000005
4268,4.540000000000003
9133,5.5500000000000025
4891,4.990000000000003
419,5.136000000000001
1069,3.540000000000001
501,5.773
5163,3.3360000000000025
1191,5.859000000000001
9140,5.219000000000001
4662,3.430000000000003
2091,2.559000000000001
4539,3.488000000000001
5234,4.864000000000005
1928,5.554000000000001
688,4.234000000000002
7426,5.872000000000002
9331,2.7070000000000016
3336,6.01
10388,5.304500000000001
8472,5.718999999999999
5609,5.092000000000002
7637,4.670000000000003
5143,4.852000000000004
9131,3.8860000000000015
9405,5.880000000000001
2710,2.1830000000000016
8077,5.252000000000001
6887,4.141000000000002
10138,4.998
3902,4.551000000000001
7203,3.5350000000000033
1763,5.938
8296,5.7
3301,4.378000000000003
2331,2.853000000000001
5145,2.4310000000000014
4335,5.631000000000001
8286,2.1370000000000005
2188,3.7500000000000036
384,4.423000000000004
4787,5.636000000000001
4001,3.9360000000000026
8206,2.427
7324,4.907
3230,4.732000000000002
8587,2.7220000000000018
47,5.682
2480,3.967000000000003
2934,5.509000000000001
1516,3.865000000000003
3078,3.0260000000000025
9660,5.469000000000001
7518,5.456000000000001
10032,3.8810000000000047
9270,5.414000000000001
7644,5.465
8733,4.055
4134,2.576000000000002
6511,4.191000000000002
1409,5.984
2479,5.507000000000002
9609,4.890000000000003
1147,4.706000000000002
4132,4.876000000000004
6212,3.8740000000000028
5685,2.445000000000001
1464,4.240000000000005
7243,2.7310000000000003
2758,4.560000000000003
5297,5.803
709,5.396000000000003
783,5.911999999999999
5843,5.777
164,7.0749999999999975
9332,6.128000000000001
7192,4.290000000000003
432,3.4460000000000015
797,5.293000000000001
94,6.121
5746,3.378000000000003
9915,3.0520000000000014
6853,2.663000000000001
4283,6.167000000000001
5637,3.92
941,6.150999999999999
1462,5.892
9407,4.349000000000001
7558,6.873999999999999
953,2.499000000000001
7971,3.8010000000000024
2084,5.760999999999999
9119,5.585
8750,5.841
258,5.757000000000001
9141,1.784
5190,4.363000000000001
8931,3.953000000000003
1112,5.592
4949,2.938000000000002
10108,5.472000000000001
9755,5.465000000000003
8001,5.004000000000002
10210,3.8340000000000027
4297,5.378500000000002
9207,4.953000000000004
7762,6.001
7683,5.5900000000000025
9826,3.9870000000000014
1344,5.586000000000001
8576,5.928999999999999
429,5.243
420,5.176000000000001
7251,3.9240000000000044
8277,4.0465000000000035
9380,5.096000000000001
8890,3.208000000000002
6399,5.309000000000001
1627,5.586000000000001
8349,5.711000000000001
2777,4.312400000000002
1731,3.187000000000001
5531,3.701000000000002
10245,4.881000000000003
8895,3.7440000000000015
8665,6.855
2621,5.779000000000001
6735,6.025
852,5.467000000000002
6282,4.575000000000002
10298,3.5080000000000036
6462,5.393000000000001
2376,5.654000000000001
6698,4.666000000000001
1442,5.474000000000003
6353,5.878000000000002
2344,4.968000000000002
7395,3.2740000000000022
4940,5.523000000000001
1280,5.0550000000000015
6837,5.809000000000001
3757,4.043000000000003
5908,5.468000000000003
722,4.1750000000000025
3257,3.5660000000000025
2801,5.170000000000003
3133,5.253000000000002
4785,3.727000000000006
9111,4.5500000000000025
811,5.015000000000003
1022,5.326000000000001
4264,5.113500000000002
6790,4.379000000000004
9047,5.792000000000001
3392,2.9320000000000017
1714,5.76
2370,5.859
4540,5.833000000000001
4878,5.648000000000001
3183,3.0
8265,5.364000000000001
10041,5.678000000000002
5467,3.9230000000000023
3499,5.301000000000001
6510,4.467000000000006
131,4.727500000000002
2756,2.977000000000002
4586,5.740000000000002
385,4.451000000000002
10323,7.202999999999999
5316,3.603000000000004
8821,3.280000000000004
6210,2.145
4683,5.708000000000001
2524,2.8870000000000022
6018,5.303999999999999
5772,4.9190000000000005
4648,6.147
7100,3.952000000000001
642,4.6220000000000026
1780,4.507000000000003
533,5.155000000000002
7974,5.767000000000001
7732,5.691000000000002
6155,3.5510000000000033
3151,3.559000000000002
6202,3.221000000000004
877,3.850000000000002
5551,5.547000000000001
3478,5.351000000000002
2282,3.738000000000004
3763,5.880500000000001
315,5.104
787,6.019000000000001
9340,5.586
1024,5.892
999,5.721
189,5.615000000000001
7317,3.2400000000000024
8414,5.877000000000001
2266,2.025
3046,5.418000000000001
9800,5.562
6980,4.964000000000001
5418,5.7589999999999995
6398,3.523000000000003
3004,4.589000000000001
8276,3.766
3130,2.78
7724,5.885
10278,5.055000000000006
3509,6.0729999999999995
1118,4.591000000000003
3774,4.846000000000003
1913,4.961000000000002
9056,4.926000000000002
84,5.475000000000001
9981,3.604000000000002
4280,4.4810000000000025
9661,3.669000000000003
10155,5.424000000000001
10201,4.067000000000001
2755,5.177000000000003
4344,4.708000000000002
7257,5.686000000000002
5028,5.051000000000003
9005,5.444000000000001
3243,5.246000000000001
8841,3.590000000000003
7450,3.715000000000003
6158,3.353000000000002
1060,5.075000000000004
8683,5.5260000000000025
1907,4.259000000000002
6972,5.6579999999999995
4759,5.809000000000001
994,5.9780000000000015
1830,4.4360000000000035
6971,5.651999999999999
6170,5.331
7572,5.901999999999999
5561,4.794000000000004
6673,5.657000000000002
7870,5.646000000000002
29,3.897000000000003
8223,5.028000000000002
8842,3.501000000000002
3094,6.224999999999999
468,1.8920000000000001
490,4.9020000000000055
4294,3.4430000000000005
227,4.791000000000002
1193,2.356000000000001
6420,4.249000000000001
4807,2.326000000000001
9234,2.390000000000001
9953,3.275500000000002
3650,4.4360000000000035
6338,5.2400000000000055
7175,4.360000000000002
10322,4.464000000000002
5142,3.502000000000006
7454,3.5170000000000035
488,3.753000000000003
1878,5.527
885,5.825
1170,5.59
76,6.499999999999999
9877,3.5270000000000024
5947,5.378000000000002
8318,5.737
2872,2.870000000000002
4456,5.285000000000002
1494,5.563000000000001
6676,5.819
6631,3.717000000000003
2229,5.926000000000001
3251,5.427000000000004
3557,2.837000000000005
7743,5.480000000000002
744,5.433000000000002
1169,2.766000000000001
493,5.008000000000001
6384,5.621000000000001
8199,2.4050000000000007
5049,5.710500000000001
862,4.6220000000000026
2502,6.361999999999999
3781,5.255500000000001
6822,5.044000000000001
4295,4.8450000000000015
529,4.048
20,5.797000000000001
9432,4.9010000000000025
1086,5.793000000000001
10198,3.422000000000005
4646,2.712000000000003
4915,5.543500000000002
5615,5.535000000000001
8096,3.230000000000002
1121,5.3980000000000015
9664,3.8180000000000023
8105,4.2920000000000025
6290,4.372000000000001
6518,5.155000000000002
10181,5.468
8963,4.952000000000002
7032,3.9980000000000047
10051,2.9045000000000005
3117,4.104000000000001
5487,4.669000000000002
2815,4.225000000000001
9563,2.623000000000002
6077,4.123000000000004
9228,5.925
8679,3.5750000000000024
7622,4.860000000000002
4690,5.932
363,5.372000000000001
5851,5.469000000000001
8300,5.651000000000002
6750,5.908000000000002
4235,5.761000000000001
138,2.308000000000001
8166,3.0440000000000027
3003,5.1770000000000005
7092,5.5615000000000006
8948,2.9670000000000014
7181,4.012000000000004
7160,5.190500000000002
3481,3.306000000000003
798,4.583000000000004
6166,4.821000000000005
8392,6.143
2591,4.736000000000002
4870,6.033000000000002
4525,5.271000000000002
7925,4.668000000000003
558,5.068000000000003
9654,4.054000000000003
7433,1.915000000000002
4328,4.509000000000003
4112,5.988500000000001
1936,5.327000000000003
805,5.718999999999999
9045,5.616000000000001
4668,5.427000000000001
1369,3.043000000000002
1485,5.210000000000003
4616,4.899000000000004
8579,5.2535000000000025
4302,5.678000000000002
9867,5.446000000000001
8703,5.390000000000002
8635,5.717000000000001
8717,5.1940000000000035
406,5.534
5854,5.558000000000002
5757,5.938
2218,5.5520000000000005
9286,5.611000000000001
1538,5.796
4057,5.300000000000004
578,5.7935
6732,5.876
1175,5.629
8912,5.2310000000000025
8843,4.175000000000004
4502,5.801
7228,4.8050000000000015
7809,3.062000000000002
5549,9.79
2044,4.7020000000000035
10267,4.698000000000001
192,2.539000000000002
6467,5.530000000000002
4746,2.5590000000000015
4436,5.8
7101,6.399000000000001
7479,2.583000000000001
8488,4.704000000000005
3393,4.5340000000000025
4721,5.278000000000002
8980,5.282
9538,5.785
8649,5.0230000000000015
9510,4.982500000000002
9148,2.5870000000000015
4213,5.532
4925,3.1740000000000026
9882,2.4500000000000024
6072,4.5850000000000035
6848,5.662000000000002
499,4.258000000000002
10034,6.0
8632,5.497999999999999
160,4.763000000000003
474,3.3790000000000022
5094,4.834000000000002
5314,3.645000000000006
143,5.8245000000000005
4621,4.411000000000002
3066,3.991000000000004
4958,3.7500000000000036
9914,5.2170000000000005
6012,5.15
8302,5.934000000000001
5052,4.042000000000002
2428,3.5120000000000022
5420,2.8780000000000014
205,4.8130000000000015
2912,4.169000000000001
3175,5.240000000000002
6200,4.500000000000001
1290,5.792999999999999
2513,4.495000000000001
4290,4.208000000000003
1638,5.143000000000004
6962,5.132000000000002
8785,6.027
4085,5.379000000000002
5989,2.8400000000000016
1740,5.654
1161,6.360999999999999
4284,3.6220000000000026
8477,1.61
1517,3.777000000000005
8417,4.390000000000004
1398,5.573000000000002
5850,5.8039999999999985
9740,3.484000000000003
5889,7.008999999999999
4689,5.782
3593,3.458000000000003
451,5.559000000000001
1940,2.369000000000001
6957,5.888
6791,4.034000000000003
81,3.0510000000000024
3058,5.668000000000002
4888,3.403000000000003
8899,5.342000000000001
8829,5.6370000000000005
1970,3.136000000000002
5667,5.752000000000001
8756,3.869000000000002
8314,4.875000000000003
6337,4.886000000000003
10055,5.742000000000001
3401,2.426000000000001
196,3.5560000000000054
6886,5.207000000000001
544,3.8680000000000025
4663,5.662999999999999
2215,4.158000000000003
5822,2.5060000000000016
9810,5.423000000000002
1879,2.6190000000000038
2636,2.7490000000000037
2540,3.058000000000001
1151,6.132999999999999
2163,3.345000000000003
7954,5.0230000000000015
5512,5.618000000000002
9863,4.869000000000001
2133,4.536500000000003
6347,4.431000000000002
92,2.4870000000000005
6402,3.9970000000000065
1663,5.734000000000001
9044,4.770000000000006
4955,2.9960000000000027
5347,5.664000000000001
5066,3.8170000000000037
3443,5.678
761,5.288000000000002
9528,4.0660000000000025
6579,5.185000000000002
3553,5.157000000000003
2069,5.777000000000003
564,5.922
3719,5.795000000000001
1816,4.293000000000003
5086,4.349000000000002
4797,4.726900000000001
1708,4.614000000000002
8651,2.671000000000002
6618,5.5120000000000005
1987,3.2340000000000004
5245,4.138000000000003
10365,5.1220000000000026
7082,5.7490000000000006
3272,3.388000000000003
981,5.5920000000000005
7675,3.784000000000004
404,5.017000000000002
9500,3.9939999999999998
522,5.173000000000002
1471,5.037000000000002
4242,2.421000000000002
337,3.6260000000000034
8381,4.333000000000005
4697,2.738
4965,2.8710000000000027
622,3.560000000000001
844,5.74
2038,5.523
1507,5.768000000000001
6238,5.732
3021,3.5460000000000047
5054,3.570000000000003
1274,5.768000000000001
4600,3.6480000000000024
847,5.003000000000001
9696,4.841000000000003
2907,2.4810000000000008
8812,5.631000000000001
395,4.208000000000002
806,4.262000000000001
398,5.727000000000001
7297,5.655000000000002
6286,6.23
8382,5.1460000000000035
7969,5.877000000000001
1848,5.958999999999999
5070,5.506500000000002
3663,4.868000000000002
2717,4.587000000000003
306,2.4220000000000015
3440,5.2845
5474,5.136000000000004
1457,5.73
2364,5.7
8444,5.375
2101,5.366000000000001
576,5.83
5438,5.767
5943,5.613
2623,4.412000000000003
6768,5.710000000000001
7841,4.816000000000003
7833,3.7230000000000016
9903,5.133000000000002
1605,6.644000000000001
2921,3.2050000000000005
6419,6.058
4681,6.134000000000001
9458,6.037999999999999
9593,5.939000000000001
3742,7.367999999999999
2765,4.890000000000001
2264,4.013000000000003
9792,4.108000000000002
745,5.229000000000001
9341,2.4480000000000013
505,5.608000000000001
4731,5.817
3550,5.635
8862,3.788000000000003
10130,4.642000000000001
9676,5.6065000000000005
10101,5.8889999999999985
2978,5.716000000000001
2008,4.979000000000001
8304,4.677000000000002
2099,3.2960000000000007
399,5.186000000000002
6855,4.5100000000000025
1942,5.61
6151,4.123000000000001
1753,5.997999999999999
5447,5.248500000000002
3622,5.86
2620,3.727000000000001
10395,5.1979999999999995
1778,4.520000000000003
7253,4.251000000000002
1618,5.808000000000002
5718,3.1740000000000053
6089,5.037000000000003
6310,5.454000000000001
9677,4.032000000000002
5578,5.405000000000001
3613,5.627000000000001
1454,4.488000000000003
5333,5.928000000000002
6185,5.365000000000001
2575,5.490000000000002
8103,5.124000000000004
9749,4.946000000000001
5591,4.386000000000003
3103,5.71
4375,2.103
3673,4.845000000000002
5073,5.454000000000001
8700,4.652500000000001
5887,5.612
8171,5.693
2005,5.5520000000000005
562,4.503000000000003
7436,5.731999999999999
532,3.3370000000000015
5785,4.165000000000001
9174,3.819000000000002
2774,5.367000000000003
8624,2.727000000000002
10044,5.503000000000002
3839,4.570000000000002
2481,2.9470000000000014
4450,4.334000000000004
9819,3.1830000000000025
5434,4.138000000000002
3484,5.99
5536,5.386000000000001
2325,5.303000000000002
207,4.977000000000002
6902,3.8910000000000013
1721,3.838000000000002
5102,4.447000000000004
6035,5.7490000000000006
9018,1.8880000000000021
1242,3.3580000000000014
3883,4.501000000000003
5956,5.3985
494,5.792000000000001
4352,2.8220000000000014
7978,3.940000000000006
8055,2.6920000000000015
6533,5.7075
3674,4.7854000000000045
746,3.472000000000002
2096,5.269000000000003
5225,3.7330000000000028
9825,8.068000000000005
2062,3.7910000000000026
8363,3.887000000000003
4122,5.541000000000001
8287,5.386000000000001
2764,5.285000000000001
9144,5.062000000000003
9813,5.185000000000002
1736,4.973000000000002
6849,4.6830000000000025
7928,2.943
9049,3.602000000000001
574,3.548000000000004
8850,2.9110000000000014
4101,4.430000000000003
6054,4.405000000000005
1757,4.205000000000001
738,4.930000000000002
458,4.181000000000003
9339,5.283000000000002
5844,4.7280000000000015
1821,5.584
7424,5.675
8691,5.061000000000003
812,4.926000000000003
9921,3.5150000000000023
367,4.761000000000006
8179,5.644000000000001
5767,3.8540000000000014
4289,5.732000000000002
4795,3.4190000000000036
8797,4.213000000000001
9588,5.3355000000000015
1955,5.787000000000001
235,5.813000000000001
5858,4.0440000000000005
9419,5.788000000000002
4830,3.087000000000001
6298,4.223000000000001
108,9.887
7930,2.8310000000000026
6081,5.702999999999999
4994,7.0329999999999995
2060,3.042000000000002
4249,3.688400000000003
3944,3.6490000000000036
3831,5.7780000000000005
8091,4.072000000000003
144,6.013
7829,5.569000000000001
3981,9.478
7511,5.595999999999999
2651,2.8120000000000016
6445,4.192000000000002
2272,6.025
245,5.72
873,3.552000000000004
3063,5.9030000000000005
1533,3.657000000000001
5782,5.330000000000001
1903,2.5610000000000004
4906,5.928000000000002
3589,5.535
2511,5.744000000000001
3479,5.368
8023,4.337000000000002
3013,4.896000000000002
551,5.862
4035,4.399000000000004
10116,5.659999999999999
9587,3.811000000000003
4696,4.892000000000002
2341,5.219000000000002
9843,2.881000000000002
4712,2.8160000000000025
1779,3.9020000000000024
105,4.7215000000000025
695,5.6
1898,5.563
5239,4.973000000000005
5421,5.460000000000003
605,2.2970000000000024
7760,5.893000000000002
6407,5.924999999999999
2173,5.742999999999999
8627,4.661000000000002
287,3.2620000000000027
336,5.338000000000001
4488,5.729
9647,6.793999999999996
3403,4.957000000000005
9416,5.849
4946,3.5850000000000026
6564,4.945000000000002
3319,7.081
10072,3.8070000000000035
5751,5.759000000000001
6868,4.589000000000002
3259,5.683000000000001
3684,2.556000000000001
8484,5.95
3823,5.803000000000002
2561,5.582999999999999
9758,5.924000000000001
2707,5.807
10005,5.034000000000001
5678,5.075000000000001
1258,5.0710000000000015
875,2.8610000000000015
9580,2.6840000000000015
10223,5.6579999999999995
3773,2.8210000000000015
489,3.7160000000000055
7853,4.643000000000003
7489,5.820000000000001
3638,5.295400000000002
4720,6.0
5400,5.823999999999999
9256,5.218000000000003
6783,4.238000000000004
1439,3.783000000000003
4339,5.686
928,5.250000000000003
2760,4.7470000000000026
7992,4.874000000000001
5994,5.404000000000001
391,5.098000000000002
1318,6.035
6715,4.169000000000003
6066,3.7280000000000064
3182,2.031
7024,4.036000000000002
1792,5.477
8231,5.498000000000001
2917,4.999500000000003
10241,3.298000000000002
8259,4.8320000000000025
4300,5.205500000000002
4163,5.560000000000001
8470,5.699000000000001
7847,3.610000000000001
8528,5.667000000000001
8511,5.793000000000001
5109,3.876000000000003
2035,5.610000000000001
5253,4.373000000000003
4988,5.576000000000001
7162,4.182000000000001
7826,5.603000000000001
1846,5.988000000000002
6836,3.0130000000000012
3989,5.110000000000003
2727,5.879000000000001
9712,5.803999999999999
3554,4.460000000000003
5056,1.5
7658,4.873000000000004
8212,3.469000000000002
2964,6.122999999999999
7612,3.293000000000002
7690,3.418000000000002
9132,5.567
3473,5.203000000000002
9966,4.132000000000001
9483,4.857000000000002
6850,5.710999999999999
2279,5.654
6898,3.7530000000000023
1582,3.858
1672,3.285000000000003
5307,4.602000000000001
7795,7.0889999999999995
1870,2.7030000000000043
8451,5.304500000000001
3897,5.9879999999999995
7286,3.730000000000004
6374,5.803000000000002
3335,5.471
8341,2.145
1677,5.014000000000001
7083,3.520000000000002
7827,4.371000000000002
10316,3.648000000000006
1099,5.131000000000001
618,4.266000000000003
5971,6.010000000000002
7896,6.270999999999998
6583,4.2500000000000036
3054,6.533999999999999
9814,5.413000000000002
4207,4.7710000000000035
842,4.5020000000000024
6107,5.497000000000001
1336,6.282
7722,4.399000000000004
2559,4.455000000000003
6136,3.8250000000000024
1167,4.988000000000003
3333,5.645999999999999
8121,5.904
9663,5.088000000000002
6442,3.071000000000002
9102,5.569000000000001
2537,4.5820000000000025
9013,2.1150000000000015
627,4.364000000000003
1195,5.729000000000001
4827,2.6320000000000032
4724,5.327000000000001
3208,5.233
2500,5.110000000000002
3252,2.9480000000000013
10062,3.711000000000003
9832,5.162000000000003
603,3.6070000000000033
6937,4.685
1320,5.133000000000002
5618,6.0409999999999995
2975,4.291000000000005
1251,2.879000000000005
4032,5.146000000000003
4932,5.688
10244,2.374000000000001
6809,4.145000000000001
6771,3.5000000000000013
667,5.567
1449,5.678000000000002
8027,4.355000000000003
3438,5.973
1059,4.202000000000002
2682,4.712000000000003
2930,5.388000000000002
1395,2.7460000000000004
4566,3.6400000000000023
9105,2.880000000000002
452,5.268500000000001
8386,4.4810000000000025
1701,5.542000000000001
7355,4.605000000000003
3588,5.355000000000002
5993,5.791
1696,4.692000000000002
5185,5.062000000000001
7445,4.202000000000003
1000,5.629000000000001
8046,3.0030000000000006
1478,5.265000000000002
9788,4.533000000000005
6388,4.426000000000002
8695,3.7470000000000026
3583,4.104000000000003
9115,4.323500000000004
8128,4.293000000000002
2610,2.813000000000001
4952,5.079000000000001
8873,5.445500000000002
6083,5.5230000000000015
8050,5.417000000000002
1608,3.582000000000004
5017,5.422000000000001
6131,4.613000000000001
2457,3.4170000000000034
10406,5.9030000000000005
858,5.88
1914,3.159000000000004
8428,3.151000000000002
5019,4.934000000000005
10342,5.103000000000003
7664,5.137000000000001
4193,2.8080000000000007
6302,4.824000000000003
1918,5.835999999999999
263,5.688
6714,4.616000000000002
737,5.540000000000003
2232,3.227000000000002
8722,5.777
1813,5.327000000000001
4633,3.6660000000000026
6534,3.0000000000000027
1293,3.459000000000002
656,5.779000000000001
1322,4.700000000000002
2018,3.6500000000000012
5115,4.731000000000002
9197,5.380000000000001
4673,3.6580000000000026
438,5.546000000000001
10200,5.929999999999999
2102,4.772000000000003
6308,3.6920000000000037
1108,4.441000000000003
6006,3.2970000000000033
4402,5.7219999999999995
5356,4.612000000000004
6494,2.8980000000000037
5646,5.482000000000002
4384,5.435000000000002
8184,5.286000000000001
6476,4.268000000000003
6905,5.3870000000000005
9424,6.034000000000001
3828,4.706000000000002
7681,3.1760000000000024
9509,5.178000000000002
7273,3.477000000000004
7474,4.975000000000003
8051,4.433000000000003
42,4.505000000000003
7801,3.117000000000002
6775,3.658000000000005
2490,4.963000000000001
2418,5.705
179,5.158000000000003
2165,3.235000000000001
997,3.7340000000000035
960,6.037000000000002
5804,5.894000000000001
100,5.915
2210,5.350000000000002
7819,2.2060000000000004
1756,3.6660000000000013
1591,4.271000000000004
3807,4.4650000000000025
3866,3.911000000000002
836,4.730000000000003
5304,2.675000000000003
4527,5.328999999999999
4197,5.2260000000000035
949,4.4470000000000045
4840,6.184000000000001
7766,5.689000000000001
5587,4.337000000000003
1436,3.610000000000003
5118,2.4520000000000004
2448,5.577999999999999
152,4.528000000000002
400,5.850999999999999
2093,5.434000000000002
4518,5.699000000000001
2410,3.6790000000000016
9622,2.4260000000000024
6872,5.997999999999999
4581,4.586000000000002
8834,5.187
5917,6.007000000000001
3984,6.152
4749,5.52
757,4.618000000000003
6660,5.362
3384,5.451000000000001
1977,2.6460000000000004
527,2.5130000000000003
7583,5.390000000000002
3567,5.572
10315,5.220000000000002
7374,5.895999999999999
5092,4.098000000000003
198,5.607
3308,3.576000000000002
8100,3.913000000000002
9842,5.645
2888,5.715999999999999
10346,6.457000000000001
2067,5.424500000000002
2883,2.6319999999999997
4705,2.548000000000002
4769,5.689
2280,5.6825
4742,5.524
6426,5.192000000000003
1927,2.5810000000000013
4548,5.171000000000001
9828,5.166500000000002
5745,5.952000000000001
9329,5.195
3541,4.129000000000004
3643,5.728
1134,5.7829999999999995
8415,5.743000000000002
3786,3.6560000000000032
5343,5.332000000000001
7544,3.701000000000002
8149,4.618000000000002
7678,4.9055000000000035
9960,5.6024
1501,5.562000000000003
1312,5.694
2064,5.235000000000001
2527,5.43
6525,4.022000000000002
1702,2.509000000000001
6057,3.5560000000000036
9051,3.9140000000000033
6966,3.7120000000000015
3113,3.881000000000003
5619,3.741000000000002
6682,5.276000000000002
3942,5.263000000000003
1025,5.6690000000000005
8687,2.5220000000000007
710,3.791000000000002
7264,3.6010000000000035
10135,5.335000000000003
6563,5.588000000000001
9862,2.7490000000000014
3178,5.231000000000002
7090,5.781000000000001
5192,4.783000000000002
9997,4.271000000000002
5877,5.605000000000002
8014,4.960000000000003
8285,3.5020000000000016
9376,4.937000000000003
6792,5.7620000000000005
3093,3.2760000000000025
6665,4.8590000000000035
1164,3.534000000000002
4590,2.890000000000001
4182,5.816999999999999
1976,3.931000000000002
476,2.2170000000000005
6928,5.0230000000000015
134,3.665000000000004
9017,5.146000000000002
7320,4.813000000000002
5711,2.8670000000000058
8346,5.9
7277,5.592
8248,5.708000000000001
975,4.157000000000004
9445,4.856000000000002
9097,2.597000000000001
3689,5.6
5895,5.351500000000001
7458,4.936000000000002
8938,5.293000000000001
962,6.1480000000000015
5191,4.640000000000003
4883,2.428000000000001
2103,5.790000000000001
10309,3.6170000000000004
7344,3.775000000000002
6650,6.049000000000001
9184,5.726
4355,5.162000000000003
10092,4.976000000000003
4513,5.105000000000001
462,3.323000000000002
9251,4.335000000000003
9775,5.582999999999999
1301,6.25
814,3.467000000000004
10173,3.1100000000000008
7215,4.9570000000000025
3523,5.182000000000003
1612,5.775000000000001
7472,5.225000000000003
1941,4.250000000000001
5396,3.994000000000002
7141,3.0580000000000025
5368,5.609000000000001
1960,3.225000000000001
8855,2.9980000000000024
9595,4.297000000000003
4780,3.4290000000000016
8083,3.766
3305,5.0820000000000025
5255,5.761000000000001
8769,5.787999999999999
5664,4.298000000000001
10206,3.5280000000000022
9912,6.535999999999998
8562,5.482000000000003
8709,4.6030000000000015
7432,3.492000000000003
5140,2.6300000000000012
8726,2.4700000000000024
1182,3.341000000000004
267,4.089000000000006
4274,5.670999999999999
8245,5.542000000000001
2312,3.4090000000000025
352,4.0560000000000045
2230,3.940000000000006
146,3.2700000000000022
9264,5.267000000000003
10115,5.602999999999998
1374,3.6820000000000035
472,5.341000000000001
7005,5.503000000000002
3704,2.626000000000001
7169,2.848000000000003
3816,4.902000000000002
7842,5.0870000000000015
10160,5.075000000000002
2372,3.783000000000004
3100,5.160000000000001
6655,4.690000000000003
4024,4.468000000000002
6340,5.87
5021,2.6450000000000014
6288,2.9070000000000045
9046,5.22
9181,5.056000000000001
6257,5.244000000000001
7832,2.9870000000000014
2040,5.804000000000001
7331,2.656000000000002
9077,3.9970000000000017
1818,5.812
1142,4.669000000000002
6232,5.792000000000001
4718,6.584
6538,5.803000000000001
5684,3.808000000000003
10252,5.535000000000002
3123,1.6119999999999999
5220,5.533
6483,5.930999999999999
4137,3.253000000000003
8066,5.959999999999999
73,4.234000000000002
4594,4.783
2612,4.8850000000000025
8098,3.314000000000002
3659,5.797999999999999
4399,3.858000000000004
2171,5.7570000000000014
1589,8.995999999999999
2915,2.5460000000000003
7881,3.3970000000000016
7977,8.120999999999999
3445,5.0310000000000015
1594,4.785000000000002
6932,5.715
6578,3.050000000000003
7398,5.580000000000002
2386,5.865
8670,5.320000000000002
2407,3.8040000000000034
1752,5.864000000000001
5886,5.69
6022,2.9240000000000044
6230,4.1670000000000025
2224,2.542
2081,5.5104999999999995
3720,2.6110000000000007
1874,5.549000000000001
7378,4.984000000000002
5027,5.57
1401,3.692000000000003
1346,4.2730000000000015
8398,3.8280000000000034
8201,5.778999999999999
2876,4.021000000000002
3860,5.357000000000003
7485,6.277
8200,4.133000000000003
4378,3.1320000000000023
872,2.4350000000000014
10405,5.7410000000000005
1176,6.035
8904,4.166000000000004
4740,4.587000000000002
6982,4.123000000000001
15,5.255000000000001
2849,5.978
4636,5.875
7268,5.570000000000001
2547,6.037000000000001
7735,2.910000000000005
7981,5.302000000000003
9396,5.657
5154,3.1860000000000026
4693,5.062000000000002
467,5.686000000000002
8659,3.9320000000000035
7013,5.085000000000002
5690,4.486000000000003
7057,5.978000000000001
9797,4.226000000000003
7408,4.656000000000002
6785,5.607000000000002
10175,2.899000000000001
3967,3.562000000000001
4476,5.593
4374,3.201000000000004
7088,2.6250000000000018
9939,3.7060000000000013
8118,4.544000000000004
9100,5.731
7159,3.922000000000003
1620,5.1650000000000045
7067,3.776000000000002
1229,4.691000000000002
7597,5.607000000000002
6094,4.546000000000003
10352,6.0070000000000014
5439,3.9010000000000025
7119,4.921000000000001
3342,4.345000000000002
6379,5.289000000000001
3286,6.172
5697,4.394400000000004
7002,5.3820000000000014
7837,5.465000000000001
8979,5.087000000000002
9700,5.8020000000000005
2753,5.365
6024,5.617000000000001
9164,2.5080000000000022
2208,4.5870000000000015
5540,5.220000000000003
2097,3.9250000000000025
6509,5.308000000000002
4241,2.722000000000002
4238,2.8810000000000002
6854,4.640000000000002
4282,7.1
4836,4.157000000000004
9153,5.526000000000002
2619,5.466
10142,5.393000000000002
1593,8.186
6556,3.079000000000004
8042,5.7470000000000026
5867,2.2710000000000012
10156,4.979000000000003
1298,3.3750000000000018
1157,2.881000000000002
939,5.499000000000002
4042,5.304000000000002
1930,5.962000000000001
590,5.194000000000002
4304,5.297500000000002
4358,5.644000000000001
10311,5.78
7688,3.224000000000001
2126,4.378000000000003
4537,3.5820000000000043
9640,4.386000000000002
5285,4.493000000000002
4821,3.963000000000002
5837,5.062500000000003
8116,3.0340000000000034
1383,2.5100000000000007
556,4.098000000000002
5496,5.568000000000001
2051,3.614000000000004
8735,2.850000000000002
7700,3.366000000000002
3916,5.022000000000003
1385,4.042000000000002
2186,3.728000000000002
10112,5.870999999999999
3415,4.919000000000002
5080,2.7760000000000007
8024,2.105
4634,4.7200000000000015
8953,4.219000000000002
9136,4.746000000000001
6505,5.619
3680,5.218000000000002
7903,4.464000000000002
5204,5.6370000000000005
8584,3.9210000000000025
3861,5.954000000000001
5846,4.648000000000002
720,4.343500000000002
4206,3.8520000000000025
5462,3.6150000000000024
8399,3.521000000000003
8292,6.49
4056,4.913000000000002
7199,3.1680000000000024
6833,5.596
484,2.8230000000000017
7915,3.561000000000003
1018,3.364000000000002
6361,2.830000000000001
9774,4.529000000000003
8263,4.759000000000006
3462,3.206000000000001
6994,5.703000000000002
5668,3.883000000000004
769,5.665
5025,3.979000000000002
5813,6.013999999999999
8194,4.969000000000003
7787,3.1590000000000034
5460,3.1050000000000018
9713,4.828000000000002
2533,3.4495000000000027
170,4.575000000000003
3226,5.7760000000000025
9417,5.467000000000004
5981,4.054000000000003
3020,3.0989999999999998
9624,3.6810000000000014
1129,5.684000000000001
1747,6.229
448,9.748
2611,5.95
10373,4.815000000000003
9009,4.397000000000002
3425,3.3190000000000044
4867,2.8420000000000023
1325,5.461000000000002
6332,3.3510000000000035
6272,5.499
6748,5.809000000000001
7550,5.038000000000002
8039,3.408000000000003
7815,2.786
1232,5.0275000000000025
3375,4.043000000000002
7638,5.801
9096,5.956
9772,6.567
225,5.761000000000001
8575,2.931000000000002
2227,4.998000000000002
9079,3.5900000000000016
4463,4.0710000000000015
3605,5.195000000000002
8059,5.625000000000003
8449,2.119
6217,5.422000000000001
9480,4.223000000000002
5545,5.977
3820,5.399000000000002
1922,4.213000000000001
4926,5.585000000000001
4865,5.454000000000002
9099,5.781000000000001
5510,4.256000000000001
2118,5.819
7767,4.299000000000003
2892,5.1755
6550,2.875000000000002
2504,6.205
7211,5.9990000000000006
9604,6.170999999999999
7630,3.8710000000000018
4931,5.849
6815,4.413000000000001
8405,4.567000000000002
3633,2.6910000000000003
6834,3.916000000000003
5808,1.912000000000002
6862,5.650000000000002
5196,5.976
7973,2.9230000000000023
5682,5.653
2474,4.7200000000000015
1210,4.317000000000004
4419,6.095999999999999
1028,5.079000000000002
2363,5.407
7844,4.8690000000000015
240,5.984
9870,8.908
1587,4.777500000000002
1660,5.726000000000002
3618,5.684
9505,4.254000000000001
8132,5.248000000000002
125,3.7490000000000028
8207,5.220000000000002
9979,3.8740000000000028
9769,4.7280000000000015
5784,3.502000000000006
3464,5.959
6161,4.896000000000003
6923,4.389000000000003
465,5.825999999999999
9135,2.600000000000001
4889,3.5010000000000034
3454,5.641
1640,4.851000000000002
6659,5.605
5429,5.757000000000001
9488,3.22
4565,5.844000000000001
3121,5.694
4074,4.313000000000005
8045,2.6180000000000017
6781,5.546000000000001
9280,5.947
1920,4.006000000000004
6586,3.512000000000002
5957,4.073000000000003
8420,4.475500000000001
3882,2.7190000000000016
4291,5.793000000000002
2187,2.622000000000001
4120,3.374000000000004
2771,5.518000000000002
3155,6.049999999999999
8410,3.9470000000000027
9088,4.318000000000001
2992,5.900999999999999
3085,4.313000000000003
7696,4.866000000000002
8353,3.419000000000003
5012,5.401500000000001
2054,2.3330000000000006
9542,2.891000000000001
7456,4.973000000000002
6866,4.842000000000006
2373,3.6420000000000035
4817,2.8470000000000026
3969,4.543000000000002
8650,2.7190000000000025
2788,6.0150000000000015
5411,4.1960000000000015
7858,4.649500000000003
8802,2.5460000000000007
3963,5.2360000000000015
8440,6.01
8840,5.780999999999999
8253,2.7050000000000023
1827,4.552000000000001
6291,5.312000000000001
1723,5.987
6056,3.2920000000000034
5149,4.8610000000000015
9296,4.495000000000002
9688,3.565000000000002
9169,2.397000000000002
1984,2.5570000000000017
8049,5.066000000000006
3893,4.365000000000003
4629,4.621000000000002
4338,5.99
9019,2.961000000000004
8598,5.904000000000001
9952,2.7850000000000006
4730,5.100000000000001
6689,5.168000000000003
8641,6.684999999999999
6873,2.7660000000000013
3027,5.533999999999999
9967,4.605000000000003
9390,3.641000000000001
5923,3.731000000000003
10195,5.329000000000001
70,5.462000000000001
1634,5.9719999999999995
1901,4.5100000000000025
5106,6.023
8941,5.989000000000001
679,5.722
887,5.450000000000002
4095,5.93
8360,5.545
3621,4.4270000000000005
8747,4.681000000000003
6273,3.384000000000002
437,1.9130000000000018
8592,4.655500000000001
2075,2.754000000000001
2920,4.5070000000000014
1036,5.704000000000001
4588,2.7270000000000016
7530,5.098000000000002
4961,5.521000000000002
5483,5.095000000000002
1468,5.183000000000002
4774,3.8170000000000046
1855,5.761000000000001
8872,5.4780000000000015
7238,3.908000000000003
9113,5.350000000000001
8010,5.255000000000001
233,7.079
5358,4.3830000000000044
2812,3.064000000000002
10123,6.965999999999999
4230,5.223000000000001
9669,2.751000000000002
9062,3.943000000000004
7126,3.7210000000000014
7284,5.616000000000001
6725,4.666000000000002
4390,4.025000000000003
6801,5.7730000000000015
7051,5.334000000000003
7061,6.019000000000001
2026,5.674000000000001
4414,5.62
1113,5.344000000000001
536,7.318999999999994
1276,3.695000000000001
3936,2.736000000000002
4446,5.075000000000002
972,5.932
8460,4.6880000000000015
6547,5.737
9472,4.887000000000003
2383,5.343400000000002
3218,5.193500000000001
5179,3.1130000000000013
3977,5.873000000000001
608,2.558000000000001
9947,6.556
219,4.293000000000003
2841,5.495000000000001
6171,5.065000000000003
1986,4.870000000000001
2314,4.551000000000003
10194,5.817
2697,6.346000000000001
6924,6.306000000000001
4500,3.2880000000000003
3543,3.5960000000000023
973,5.195000000000001
8462,4.932000000000002
2728,5.561000000000002
8362,5.166400000000003
5125,2.9590000000000027
1561,3.2570000000000037
9765,4.934000000000001
1015,3.531000000000004
6355,4.062000000000002
9876,5.982
2986,4.933000000000002
3729,3.6630000000000025
2640,5.2760000000000025
1376,5.561
1894,5.909000000000001
6266,4.6010000000000035
8884,5.79
8044,3.9190000000000005
824,4.794000000000003
3601,5.652
2664,3.221000000000002
4939,3.5760000000000014
8886,3.9720000000000018
2933,5.967
13,5.362
6400,3.667000000000003
4856,5.525
8563,3.711000000000004
5078,5.605
4196,3.058000000000003
2090,4.2210000000000045
9146,3.851000000000001
8749,2.818000000000002
2049,6.084999999999999
3602,5.447
1877,5.793999999999999
1795,5.779
2404,5.747000000000001
5869,5.282000000000002
3848,3.6890000000000036
8434,5.469000000000001
9650,2.043
5783,3.1520000000000006
6362,5.179000000000002
5623,4.765000000000002
3376,3.2145000000000015
7042,5.715
7012,4.624000000000004
3152,5.796
9636,4.3270000000000035
2274,5.4335
9291,3.565000000000003
7830,3.245000000000002
856,5.758000000000002
8135,5.261000000000001
5176,4.220000000000001
10095,5.995999999999999
6250,3.9160000000000035
2574,2.6480000000000006
8483,5.767
9230,5.192
1699,3.7510000000000026
9229,2.79
4508,6.490999999999999
10064,5.362
8218,5.607
8765,3.8140000000000014
7701,5.518
2597,5.178000000000002
7225,2.5780000000000003
339,2.745000000000002
3287,4.5820000000000025
9369,3.628000000000002
2973,5.773000000000001
7291,3.862000000000003
4757,5.635000000000002
7693,4.6175000000000015
570,6.981
10104,4.889000000000007
747,4.327000000000004
5816,5.577000000000001
8582,6.0680000000000005
1474,2.666000000000001
4890,3.109000000000003
2630,5.518000000000001
7283,3.793000000000002
10356,2.450000000000001
9364,5.451000000000001
6470,3.660000000000002
1272,5.600000000000001
4210,3.345000000000003
1923,4.080000000000001
7412,5.802000000000001
3354,2.7010000000000023
8466,5.886
1236,4.7200000000000015
8633,4.668
4364,6.127999999999999
2660,5.716000000000001
2627,5.856
39,2.506000000000003
9856,5.1750000000000025
1109,5.941000000000002
9477,3.293000000000002
3248,3.5940000000000016
8079,5.560500000000001
487,2.4570000000000016
2214,6.8199999999999985
6122,1.8370000000000022
6329,3.1070000000000015
4554,4.7230000000000025
5186,4.834000000000002
9006,2.975000000000001
3077,2.2230000000000003
2128,4.859000000000002
10179,4.142000000000004
10371,5.996
5084,4.311
7020,5.545
7966,3.578000000000003
8489,4.947000000000003
1823,2.6030000000000006
4147,5.72
10100,5.641
1421,6.356999999999997
2353,4.961000000000001
9520,4.1880000000000015
9449,2.874000000000002
5011,2.8910000000000027
2305,5.8740000000000006
9401,5.710999999999999
6832,5.818
2949,4.857000000000002
9014,5.683000000000001
8777,4.642000000000003
4437,3.514000000000002
6047,3.3410000000000024
7218,5.935
7565,5.561000000000002
5493,3.944000000000003
4578,2.584000000000002
5805,5.787000000000001
6156,5.457000000000002
643,5.573000000000002
4091,5.080000000000002
6993,2.5810000000000013
4232,9.925
4195,5.047000000000002
7775,6.9079999999999995
8810,5.820000000000002
2346,3.5760000000000023
2010,6.111999999999999
1961,4.761000000000002
5359,2.8280000000000007
937,4.091000000000001
6319,5.488000000000002
8600,4.455000000000004
9799,5.376000000000001
5207,5.399000000000001
2746,2.535000000000002
2506,3.9660000000000037
1200,5.2454000000000045
2470,5.632999999999999
9379,5.92
7261,4.612000000000002
10295,3.6845000000000026
8631,5.94
9350,5.752000000000001
8267,2.570000000000001
8619,5.564000000000001
6457,2.399000000000001
7179,2.7860000000000014
5446,3.8250000000000024
5728,5.924000000000001
2201,5.757000000000001
6154,3.946000000000004
6191,5.338000000000001
283,5.999
7553,3.134000000000002
3361,5.429500000000002
2406,4.250000000000002
7802,3.062000000000002
6663,3.859000000000003
6600,5.739000000000001
2696,3.9380000000000024
8288,4.7560000000000064
4440,3.854000000000002
5151,4.164000000000003
6051,5.278000000000002
104,4.859000000000003
9492,4.321000000000003
4208,3.282000000000003
3278,1.761
6317,5.800999999999999
5789,5.533000000000002
9920,4.297000000000001
2011,4.4360000000000035
6369,5.3530000000000015
2086,2.6120000000000014
5892,5.0210000000000035
3615,3.388000000000003
7206,5.371000000000001
864,4.6590000000000025
2496,5.427000000000001
3315,4.618500000000003
7150,5.892000000000001
933,2.995000000000001
3600,4.809000000000003
4979,2.960000000000004
7326,3.6250000000000044
8993,3.644000000000002
1667,6.340999999999999
8616,5.159000000000001
9392,5.746000000000001
5515,5.664000000000002
4033,2.916000000000002
203,5.846
5749,5.807
6568,5.339000000000001
1857,2.481000000000002
5089,5.699000000000001
6667,5.92
7986,6.182
9726,4.1480000000000015
6295,5.968
2467,5.897
450,2.6360000000000037
4219,5.684000000000001
10254,4.656000000000002
6679,5.779000000000001
7213,5.585000000000001
8706,2.303
237,5.776500000000001
3858,4.338000000000003
6711,5.947
3387,4.644000000000003
2403,4.434
4966,5.5875
2946,2.108
9761,4.750000000000003
8770,5.55
9232,4.894000000000002
9205,3.6590000000000025
2900,5.602000000000001
9313,3.9330000000000034
2625,5.475000000000002
10290,3.9230000000000014
5705,4.327000000000001
5199,3.291000000000005
3486,8.098999999999998
10277,6.409999999999999
6427,5.370000000000002
6415,4.533000000000003
7817,4.810000000000001
10362,3.1790000000000007
9334,4.221500000000002
748,5.582999999999999
3331,4.564000000000002
2409,4.058000000000003
9075,2.8720000000000026
8163,4.3930000000000025
3962,5.425
4592,5.254000000000001
6880,3.697000000000003
7509,5.575
5796,3.459000000000002
10225,5.825000000000001
7300,2.4520000000000017
6492,5.54
8324,5.457000000000002
483,3.6640000000000033
9545,2.8280000000000003
692,2.9620000000000015
5174,2.5360000000000005
3491,5.7545
584,1.621
1211,5.457000000000001
4234,4.177000000000004
5360,5.620000000000001
726,5.768000000000001
2394,5.659000000000001
4492,5.825000000000001
9468,4.274000000000003
9536,4.370500000000002
1011,5.263000000000002
4829,4.977000000000002
5560,5.705
2355,4.662000000000003
8754,5.58
6558,3.900000000000003
7305,5.728
1791,4.130000000000001
2970,4.937000000000002
4271,4.716000000000001
6065,5.963000000000001
2221,4.073000000000002
4174,5.363
213,2.471
2958,3.6350000000000025
5051,3.542000000000002
2593,2.5310000000000024
6754,1.9200000000000024
9244,5.710000000000003
5498,2.3670000000000018
3073,2.999000000000003
4963,3.084000000000002
10048,5.937
1902,6.795999999999999
660,5.728
3512,4.641000000000003
8946,2.3480000000000025
6040,5.324000000000001
6395,5.722
5153,4.549000000000003
6520,5.235
1270,4.636000000000001
1389,5.186000000000002
8326,5.902
3607,4.079000000000002
331,5.683
7155,3.963000000000002
446,5.347
5485,2.6210000000000013
905,5.461
4363,3.8680000000000065
9928,4.448000000000001
5723,2.2820000000000022
5848,5.233500000000001
3086,4.663400000000004
1101,2.411000000000002
1832,5.659
7749,3.9830000000000045
1847,5.017000000000001
4816,5.156000000000001
1238,5.318
7464,6.058
8243,5.603000000000001
3766,5.539000000000003
2459,5.004000000000001
4012,5.5900000000000025
5001,5.0020000000000024
914,3.784000000000004
10221,3.0540000000000003
4190,2.5200000000000045
3191,2.656
158,5.819000000000001
8820,2.4760000000000018
1834,5.421000000000001
8740,2.424000000000002
1845,2.41
1801,4.720000000000003
1334,3.0070000000000014
4072,2.666000000000003
2572,3.9770000000000016
9440,4.321000000000003
10042,5.885
249,5.517
7200,5.544000000000003
2141,2.796000000000001
716,4.884000000000001
623,4.694000000000003
7302,4.574000000000002
632,2.697000000000004
9906,2.828000000000001
4493,5.688000000000001
2598,4.5770000000000035
4717,5.274000000000001
2197,3.953000000000005
8936,5.9910000000000005
4099,3.9930000000000025
6562,5.421000000000004
9011,5.553999999999999
7990,3.3640000000000008
874,4.742000000000002
6552,3.614000000000003
845,5.563
10386,6.382000000000001
2583,5.3229999999999995
7851,3.256000000000004
8093,5.077000000000003
2747,1.726
861,5.7650000000000015
435,3.951000000000004
1154,2.426000000000003
10364,4.142000000000003
3938,3.3910000000000036
6645,5.433000000000002
10297,3.632000000000001
5918,4.935000000000008
5096,2.3520000000000034
7471,5.646000000000003
8623,5.582000000000001
163,4.107
1243,3.932000000000002
10292,3.8570000000000038
2465,5.628000000000002
6640,5.594000000000001
3068,2.5520000000000014
6326,5.905999999999999
7045,3.376000000000002
3698,2.4900000000000038
2508,5.275000000000001
6935,5.727
3968,5.8229999999999995
3896,4.536000000000003
1438,4.303000000000005
6764,5.672000000000001
1368,5.502000000000001
6023,3.7260000000000058
5100,3.5770000000000026
5289,6.684999999999997
5862,4.6830000000000025
4595,4.696000000000003
4579,7.335999999999999
10370,4.192000000000001
4597,4.879000000000003
4070,3.3090000000000033
8195,3.2110000000000025
6207,4.634000000000004
1003,3.765000000000005
2932,2.543000000000003
2174,3.9490000000000034
6049,4.185000000000003
9789,5.695
6653,5.1868000000000025
5761,4.136
8620,5.634000000000001
1140,2.4690000000000025
8115,5.768
4162,5.537999999999999
9739,3.4180000000000024
5432,5.224000000000003
5444,5.67
6747,3.5650000000000035
7632,2.8840000000000026
9308,2.0380000000000034
6140,3.8890000000000042
702,4.3880000000000035
599,5.243000000000002
4804,4.668000000000001
6702,5.919
5134,5.735
2730,4.087000000000001
1233,5.893
5097,2.893000000000003
3017,4.732500000000002
7907,2.968000000000001
8849,4.139000000000001
7309,4.526000000000004
8712,2.5810000000000017
1614,3.0720000000000023
3954,4.4380000000000015
4547,3.7440000000000024
2083,4.644000000000001
2159,3.2610000000000037
3853,3.023000000000005
1908,3.172000000000003
7499,3.0620000000000016
1321,6.189000000000001
1152,5.693
3566,3.436000000000003
5742,4.743000000000002
6213,5.892
5598,5.7829999999999995
4587,5.972
951,4.935000000000003
7109,4.170000000000003
8737,5.686000000000002
5687,6.309
9493,5.331000000000001
7868,3.1210000000000027
3312,5.112000000000002
305,3.932000000000001
8888,4.613000000000002
6125,2.309000000000001
8578,4.429000000000001
7059,2.7590000000000026
3959,4.113000000000002
128,4.9810000000000025
3360,4.6670000000000025
3029,5.280000000000001
7216,3.7870000000000017
5642,5.3610000000000015
7292,3.7440000000000024
10385,2.6070000000000015
9904,3.9820000000000007
497,5.952000000000001
5067,5.97
7712,4.485
9004,2.672000000000001
4083,5.801
7443,6.042000000000001
8970,3.6310000000000047
7866,4.261000000000002
5507,6.461
7227,5.492000000000002
1797,4.046000000000003
6519,3.775000000000002
2052,5.288
455,2.687000000000002
2732,5.997999999999999
8746,5.480500000000002
6762,5.799000000000001
10075,5.489000000000001
5794,5.575000000000004
1422,5.338000000000002
2743,5.740000000000002
2007,3.4120000000000026
7855,4.744000000000002
7714,5.538000000000002
2954,5.643000000000001
6380,2.8950000000000005
8395,3.6610000000000027
1358,5.731
9484,5.674000000000001
8836,5.756
1295,5.554000000000001
3538,5.161000000000002
5104,4.450000000000006
5935,3.9870000000000045
9722,3.7200000000000033
8531,4.4840000000000035
1615,5.763
7785,5.7995
9704,2.7530000000000037
5341,4.556000000000003
2139,3.1730000000000036
9129,5.824000000000001
4788,5.495
8847,3.1790000000000025
6523,5.696800000000001
5669,6.29
4,5.672000000000001
10140,3.183000000000003
9508,2.9770000000000025
3223,5.623000000000001
4385,5.310000000000001
9260,2.2500000000000004
2942,3.3320000000000034
2119,3.834000000000002
4214,2.4470000000000023
3624,3.414000000000001
9178,5.9695
712,4.541000000000002
380,5.413000000000002
2626,5.469000000000001
9930,5.708000000000001
2725,5.593599999999999
3549,2.654000000000002
7607,5.569000000000001
2089,3.455000000000002
132,5.937
5422,4.9620000000000015
5248,5.176000000000003
5868,4.330000000000005
5194,9.925
8574,5.137000000000003
10039,2.813000000000002
6788,2.4130000000000007
7905,5.687
4467,4.189000000000001
1185,3.3675000000000024
2609,3.5580000000000016
9182,4.974000000000003
171,4.137000000000002
4022,3.008000000000002
5250,5.566000000000002
2495,5.308500000000001
8125,4.083000000000003
5403,4.343000000000004
7089,6.185999999999999
6078,2.9370000000000043
1446,2.4890000000000017
10085,2.8990000000000014
6285,3.5850000000000017
8599,3.5490000000000026
2982,4.872500000000001
1123,3.7670000000000017
9922,3.3340000000000036
5865,5.244000000000003
1713,2.5860000000000007
6627,3.8890000000000033
2729,6.930999999999998
7953,2.7450000000000006
7053,5.509000000000001
9821,2.202000000000002
4610,5.818000000000001
9176,3.5780000000000025
9451,5.52
3285,5.047500000000002
5264,3.629000000000003
5318,5.082500000000002
4921,6.014999999999999
6179,5.235000000000002
3343,4.548400000000001
3065,5.8629999999999995
6116,5.160500000000002
4676,4.450000000000004
10204,5.761000000000001
7585,3.0300000000000025
8244,3.368000000000001
2185,2.8800000000000012
10314,5.970000000000002
10299,3.932500000000002
1339,6.085000000000001
3658,3.655000000000003
1949,3.645
4831,4.014000000000001
3752,4.697000000000001
5064,4.067000000000002
5410,5.189000000000002
6770,3.2310000000000034
9568,5.5150000000000015
7385,6.04
252,4.504500000000002
8914,2.4730000000000003
2668,5.087000000000002
6582,5.6530000000000005
794,5.725999999999999
8952,5.955000000000001
6743,4.919500000000003
2151,3.6700000000000053
5799,3.8210000000000064
781,5.057000000000002
3219,5.0980000000000025
10012,3.752000000000003
10369,2.2330000000000014
5457,4.9250000000000025
5708,4.581000000000002
5377,4.626000000000002
9448,5.939000000000001
940,6.156999999999999
7346,5.435000000000003
7783,5.611000000000001
4092,3.1830000000000034
8301,5.910999999999999
4773,5.119000000000002
5339,2.8110000000000017
7721,3.482000000000003
6183,4.762000000000001
7856,3.145000000000002
6359,4.992000000000001
2245,5.0695000000000014
10396,5.569000000000002
967,4.553000000000004
3537,3.3380000000000023
3696,5.405
7614,4.737000000000004
5090,5.087000000000003
223,4.514000000000005
3496,5.147000000000004
6222,5.79
7752,5.75
7038,2.658000000000001
7952,6.520999999999999
6795,2.5740000000000007
1058,5.752000000000001
6128,4.657000000000002
8057,4.344400000000002
8990,5.728
8345,3.3130000000000024
6093,6.413999999999999
8550,3.5330000000000057
127,5.018000000000003
5162,4.426000000000002
7839,2.964000000000001
2675,5.591
5317,3.5160000000000036
970,5.774
5518,5.223000000000001
5384,3.1340000000000017
9109,3.398000000000003
1991,4.295000000000002
4487,5.6495
9988,5.13
4418,3.515000000000002
5683,4.371000000000002
1762,5.779
2993,5.77
6387,3.046000000000001
3904,4.845000000000001
8871,5.149000000000004
1499,5.73
4239,4.195000000000002
9317,3.163000000000002
2076,5.244000000000002
56,3.9190000000000027
2525,5.78
8401,5.130000000000001
9189,3.465000000000001
8656,5.865999999999999
8694,2.993000000000001
19,4.454000000000002
5734,5.733
8290,4.298000000000004
5790,4.2500000000000036
3051,2.495000000000001
7984,5.487
4471,5.789000000000001
4454,3.364000000000002
4864,5.933000000000001
760,5.457000000000002
4596,5.1860000000000035
3894,5.211000000000002
6071,3.7140000000000044
6949,5.258000000000002
8602,4.0740000000000025
5798,5.497000000000001
2417,5.819
6976,5.985
2957,4.0260000000000025
2366,3.961000000000004
8541,2.807000000000002
10376,6.3679999999999986
1433,4.133000000000001
8469,5.669000000000002
9167,5.851
8972,4.644000000000004
4679,4.305000000000003
9570,4.030000000000002
7633,3.243000000000004
5948,5.769000000000001
4373,5.1960000000000015
4030,2.644000000000001
8792,3.765000000000001
4708,4.245000000000002
4653,4.420000000000002
1110,5.8279999999999985
2908,5.779
2121,5.100000000000003
216,5.797999999999999
9151,5.9145
8480,3.452000000000004
7566,3.881000000000004
7210,5.513000000000002
683,5.976
6664,4.254000000000004
2485,3.1270000000000033
1602,5.983
9262,4.218000000000002
9008,4.957500000000002
6940,5.521000000000002
6835,3.022000000000003
4495,4.360000000000004
6289,5.689000000000001
8003,4.647000000000003
8008,6.438
1089,5.7379999999999995
1076,4.096000000000002
5954,2.3840000000000003
5569,5.330000000000001
9872,4.218000000000001
9223,3.2710000000000035
1218,4.553000000000002
9583,6.010000000000002
2584,5.509000000000001
4960,3.2760000000000025
6123,5.171
1537,5.939
3311,3.707000000000001
321,3.0840000000000036
3220,4.671000000000004
3294,5.140000000000002
262,3.287000000000004
4191,2.608000000000002
6421,5.564000000000001
5866,6.047999999999999
6606,3.797000000000003
4770,6.002000000000001
8798,5.7829999999999995
1145,4.254000000000004
8803,3.275000000000003
600,5.478500000000001
10058,5.796
8622,5.903500000000001
597,5.835999999999999
1056,5.382000000000002
6377,5.003000000000002
6105,5.94
10256,5.084000000000003
1214,5.212000000000001
6301,4.652000000000002
9282,4.480000000000002
8256,5.895
7055,5.494000000000001
7620,5.310000000000002
4506,4.763000000000003
162,5.638000000000002
8708,5.524000000000001
6087,5.9270000000000005
346,4.0150000000000015
7,3.6960000000000037
2217,2.2250000000000014
1974,5.926000000000001
4601,4.334000000000002
8860,2.7910000000000026
7784,4.794000000000002
535,5.274000000000002
90,3.651000000000003
3369,4.648000000000001
3482,5.147
8097,5.552000000000001
4796,5.955
7667,2.3480000000000008
7736,7.210999999999999
8493,2.729000000000001
4881,3.5610000000000004
2123,4.937000000000002
5755,4.923000000000001
2359,2.3420000000000023
7106,3.356000000000001
2300,3.9900000000000033
9757,4.095000000000003
6414,3.3210000000000024
9738,5.809000000000001
5500,5.343000000000001
1609,5.823
8167,3.697000000000004
4995,5.2095
6206,2.6540000000000017
10343,4.023000000000003
1477,4.074000000000002
7872,3.6880000000000024
3988,3.2300000000000026
1253,3.9050000000000016
1999,5.291000000000001
444,2.729000000000002
5636,5.805
6572,5.961000000000001
2131,2.724
1273,5.928
2762,5.9220000000000015
6480,5.847
2538,3.1550000000000034
3885,4.826000000000001
4303,6.005
3379,5.309000000000001
9138,4.474000000000001
193,4.521000000000002
7275,5.593
8991,5.408
7636,4.793000000000004
2399,3.1210000000000013
5893,4.450000000000003
9400,5.476000000000002
477,3.729000000000005
2482,6.027
7357,3.2030000000000025
10002,5.479000000000001
6759,5.483000000000001
8967,3.8980000000000037
6297,5.655
6824,5.836000000000001
3197,5.412000000000002
7252,5.284000000000003
6469,5.200000000000001
157,3.895000000000005
5389,3.4900000000000015
2552,4.960000000000002
3304,4.638000000000002
5022,5.561000000000002
4159,5.978
3833,4.154
6118,6.36
8994,5.254000000000002
7249,6.042000000000001
3898,6.351999999999999
3076,3.742000000000003
2278,3.384000000000003
3447,4.396000000000002
1630,2.867000000000001
7490,3.490000000000003
4002,3.325000000000003
5461,6.688
5501,2.237000000000001
750,2.7700000000000045
364,5.905
1833,5.577000000000001
10296,3.2350000000000008
680,4.630000000000002
5291,5.996
732,4.778000000000002
2829,5.688
707,3.681000000000003
1964,5.5
5252,5.386000000000001
2565,2.9490000000000016
9937,2.9850000000000008
4288,5.274000000000002
4312,5.972
4076,2.721
7177,4.236000000000002
3728,2.566000000000001
381,5.347500000000001
3458,2.6870000000000016
3835,3.412000000000002
378,5.381000000000001
7176,5.767000000000001
9443,3.3920000000000026
3975,5.771000000000002
8675,3.6830000000000025
3142,5.012500000000002
1514,2.836000000000001
4205,2.9530000000000016
3829,5.522
9540,4.806000000000004
7377,5.725
9033,4.557000000000002
1737,1.9220000000000022
2641,5.490000000000001
4665,4.432000000000002
5959,4.474000000000004
6929,5.003000000000002
6242,6.019000000000001
6449,5.462000000000001
1824,5.408500000000001
9464,6.058
150,5.500000000000001
9648,4.759000000000003
6032,5.096000000000001
10001,3.7490000000000028
466,4.905000000000001
6721,2.9680000000000017
2025,5.3610000000000015
2455,5.541
64,3.3650000000000015
7666,3.5070000000000014
7431,3.391000000000001
4674,1.807000000000002
1291,3.8550000000000018
96,4.785000000000003
1916,5.2280000000000015
3323,3.6370000000000027
793,5.513
1309,5.702000000000001
6779,5.497999999999999
9902,3.9550000000000023
2077,4.723000000000002
5008,5.275000000000001
8032,4.723000000000004
6037,4.707000000000002
4711,5.268000000000002
8233,3.5670000000000006
9694,4.926000000000003
4098,4.737000000000005
9557,4.316000000000002
5633,5.140000000000002
8502,5.603000000000003
5706,5.621000000000001
9923,5.6560000000000015
4832,5.528
5138,4.379000000000001
7527,4.607000000000002
1548,5.707000000000001
45,6.161999999999999
1557,5.9190000000000005
8437,3.8680000000000017
10186,4.874000000000002
5424,5.572
6472,5.517
5802,5.194000000000001
5129,5.824000000000001
1998,3.245000000000003
8788,4.384000000000001
4729,5.291000000000001
1631,5.689000000000001
6321,5.099000000000002
8719,5.689000000000001
5686,5.299000000000001
7392,3.7090000000000067
6484,4.198000000000003
8238,2.639000000000001
5167,6.168999999999999
7372,2.7510000000000012
8427,4.536000000000001
6882,5.578000000000002
7359,3.632000000000003
2192,5.514000000000002
10027,5.846000000000001
374,3.848000000000001
645,5.3400000000000025
7811,4.8670000000000035
6967,5.597000000000004
6742,4.053000000000002
7538,4.395000000000003
4153,4.703000000000004
5677,3.721000000000002
7496,2.644000000000001
5651,3.817500000000003
9402,5.4860000000000015
2924,5.909000000000001
8866,4.542000000000003
7998,2.2710000000000017
7191,3.5390000000000033
6826,4.831000000000007
6393,4.870000000000002
6786,2.5500000000000016
8364,6.938
10348,7.855
6695,5.9289999999999985
3341,4.691000000000002
5131,4.256000000000004
8605,2.0290000000000017
2703,5.4860000000000015
10007,4.749000000000001
2365,5.0020000000000024
538,5.564000000000001
5116,4.706000000000001
8992,5.6030000000000015
9555,3.698000000000003
979,5.013000000000002
4980,6.284000000000001
1472,5.714000000000001
