id,Hardness
10407,3.46
10408,4.82
10409,5.27
10410,5.27
10411,5.09
10412,4.67
10413,4.37
10414,5.57
10415,4.29
10416,4.55
10417,4.25
10418,4.5
10419,5.38
10420,4.51
10421,5.25
10422,4.87
10423,5.22
10424,5.02
10425,5.1
10426,4.97
10427,3.4
10428,4.99
10429,4.84
10430,3.93
10431,3.83
10432,4.99
10433,5.75
10434,4.72
10435,5.42
10436,5.22
10437,5.33
10438,5.36
10439,5.33
10440,4.36
10441,4.02
10442,3.86
10443,2.14
10444,4.66
10445,4.94
10446,4.27
10447,5.34
10448,5.26
10449,5.11
10450,5.25
10451,4.91
10452,4.32
10453,5.38
10454,5.36
10455,3.42
10456,3.62
10457,2.57
10458,5.42
10459,4.9
10460,4.34
10461,5.15
10462,5.15
10463,5.38
10464,5.34
10465,4.06
10466,5.19
10467,5.39
10468,2.34
10469,5.25
10470,4.56
10471,5.33
10472,1.42
10473,5.21
10474,4.88
10475,5.33
10476,4.69
10477,5.31
10478,4.65
10479,4.5
10480,4.21
10481,3.99
10482,5.23
10483,5.25
10484,1.23
10485,4.28
10486,5.1
10487,2.82
10488,5.15
10489,4.27
10490,5.07
10491,5.05
10492,5.5
10493,2.68
10494,4.38
10495,4.19
10496,4.33
10497,5.14
10498,5.05
10499,5.31
10500,4.63
10501,2.58
10502,5.21
10503,4.7
10504,5.22
10505,4.85
10506,4.09
10507,5.4
10508,4.42
10509,3.62
10510,4.45
10511,4.22
10512,5.2
10513,5.62
10514,4.15
10515,2.58
10516,4.7
10517,5.47
10518,4.82
10519,5.24
10520,4.85
10521,5.1
10522,4.81
10523,4.61
10524,4.18
10525,4.7
10526,3.15
10527,4.95
10528,5.16
10529,4.81
10530,2.35
10531,5.3
10532,5.22
10533,4.96
10534,5.38
10535,5.29
10536,5.37
10537,4.84
10538,5.33
10539,5.16
10540,3.46
10541,2.95
10542,3.88
10543,4.74
10544,5.36
10545,4.67
10546,4.99
10547,5.24
10548,4.78
10549,4.48
10550,4.69
10551,4.87
10552,5.22
10553,5.37
10554,4.53
10555,4.83
10556,4.75
10557,5.38
10558,4.89
10559,4.03
10560,3.85
10561,5.11
10562,5.24
10563,3.9
10564,4.12
10565,5.45
10566,4.15
10567,4.55
10568,4.16
10569,5.34
10570,4.79
10571,5.03
10572,5.11
10573,4.73
10574,3.56
10575,5.34
10576,4.0
10577,3.39
10578,5.16
10579,5.28
10580,4.0
10581,5.24
10582,4.2
10583,3.5
10584,5.38
10585,2.27
10586,5.33
10587,5.46
10588,4.31
10589,5.48
10590,4.01
10591,5.23
10592,4.54
10593,4.81
10594,5.33
10595,5.25
10596,4.44
10597,5.37
10598,4.99
10599,5.09
10600,3.66
10601,4.58
10602,3.29
10603,4.94
10604,5.08
10605,5.6
10606,3.21
10607,5.22
10608,4.95
10609,5.43
10610,5.22
10611,4.74
10612,5.01
10613,5.14
10614,4.98
10615,5.29
10616,5.29
10617,5.31
10618,2.29
10619,5.35
10620,5.02
10621,4.53
10622,4.59
10623,5.33
10624,4.84
10625,5.27
10626,5.59
10627,5.05
10628,5.2
10629,5.43
10630,3.18
10631,5.44
10632,5.36
10633,2.62
10634,4.71
10635,4.59
10636,5.25
10637,4.08
10638,2.23
10639,5.24
10640,5.28
10641,4.97
10642,3.82
10643,3.45
10644,4.35
10645,5.1
10646,4.33
10647,5.13
10648,5.05
10649,4.83
10650,3.94
10651,4.61
10652,5.39
10653,5.16
10654,4.06
10655,4.8
10656,5.06
10657,4.29
10658,5.19
10659,5.31
10660,3.93
10661,5.23
10662,4.28
10663,5.31
10664,4.14
10665,5.32
10666,5.27
10667,5.27
10668,5.32
10669,4.39
10670,4.57
10671,5.35
10672,2.26
10673,4.16
10674,5.54
10675,5.15
10676,3.41
10677,2.58
10678,4.05
10679,3.6
10680,5.26
10681,4.45
10682,4.55
10683,4.37
10684,3.2
10685,5.17
10686,5.74
10687,4.86
10688,5.37
10689,4.46
10690,5.29
10691,5.04
10692,4.75
10693,5.27
10694,5.13
10695,4.44
10696,5.19
10697,4.89
10698,4.68
10699,1.32
10700,4.88
10701,5.09
10702,5.35
10703,5.22
10704,2.53
10705,4.89
10706,5.46
10707,5.14
10708,4.08
10709,3.56
10710,4.31
10711,4.65
10712,5.39
10713,2.34
10714,1.2
10715,4.87
10716,5.12
10717,5.46
10718,5.19
10719,5.21
10720,5.22
10721,5.01
10722,2.39
10723,3.68
10724,5.48
10725,3.42
10726,2.62
10727,5.09
10728,3.84
10729,5.91
10730,5.26
10731,4.81
10732,3.36
10733,3.09
10734,5.2
10735,5.07
10736,5.24
10737,4.62
10738,5.51
10739,3.46
10740,2.96
10741,4.82
10742,4.07
10743,4.41
10744,4.25
10745,5.19
10746,5.05
10747,3.97
10748,5.4
10749,4.62
10750,4.56
10751,5.08
10752,4.49
10753,4.86
10754,5.31
10755,5.33
10756,4.43
10757,4.02
10758,4.96
10759,4.41
10760,5.42
10761,5.15
10762,5.28
10763,5.11
10764,5.15
10765,3.44
10766,5.26
10767,4.45
10768,5.18
10769,4.99
10770,5.16
10771,1.94
10772,5.48
10773,3.72
10774,4.57
10775,4.98
10776,4.72
10777,3.41
10778,4.78
10779,5.14
10780,5.14
10781,4.38
10782,5.42
10783,3.73
10784,5.17
10785,5.25
10786,5.31
10787,5.33
10788,5.26
10789,5.17
10790,3.72
10791,5.08
10792,5.24
10793,4.49
10794,5.11
10795,5.28
10796,5.29
10797,5.31
10798,5.34
10799,4.97
10800,4.17
10801,5.26
10802,5.43
10803,5.32
10804,5.14
10805,5.2
10806,5.39
10807,5.14
10808,2.77
10809,2.1
10810,4.91
10811,4.45
10812,4.58
10813,5.0
10814,4.93
10815,2.68
10816,5.32
10817,4.7
10818,4.6
10819,5.27
10820,5.2
10821,2.45
10822,2.68
10823,5.26
10824,5.15
10825,5.3
10826,4.09
10827,4.87
10828,3.15
10829,5.14
10830,5.61
10831,5.27
10832,5.23
10833,5.11
10834,5.28
10835,4.54
10836,5.19
10837,4.43
10838,4.77
10839,4.7
10840,5.14
10841,5.32
10842,5.12
10843,3.41
10844,3.86
10845,4.37
10846,5.29
10847,5.14
10848,4.59
10849,5.25
10850,5.27
10851,3.58
10852,4.68
10853,4.4
10854,4.52
10855,4.55
10856,5.08
10857,5.09
10858,5.39
10859,5.4
10860,5.45
10861,5.03
10862,4.79
10863,3.24
10864,5.27
10865,5.28
10866,5.42
10867,3.45
10868,4.39
10869,4.79
10870,5.23
10871,5.21
10872,4.23
10873,4.52
10874,5.38
10875,5.39
10876,4.96
10877,4.68
10878,5.39
10879,5.26
10880,3.86
10881,5.44
10882,3.89
10883,4.73
10884,3.36
10885,5.35
10886,2.55
10887,3.96
10888,5.32
10889,5.27
10890,4.9
10891,4.3
10892,5.26
10893,2.09
10894,5.32
10895,5.19
10896,3.15
10897,5.4
10898,5.24
10899,3.79
10900,4.5
10901,5.07
10902,4.98
10903,3.33
10904,5.01
10905,4.89
10906,4.58
10907,4.35
10908,5.34
10909,3.1
10910,4.86
10911,4.82
10912,5.16
10913,4.72
10914,4.46
10915,4.31
10916,4.41
10917,5.39
10918,5.46
10919,4.59
10920,5.22
10921,4.69
10922,3.83
10923,5.18
10924,5.31
10925,5.2
10926,5.36
10927,4.32
10928,2.11
10929,3.25
10930,4.8
10931,2.16
10932,5.01
10933,5.44
10934,4.95
10935,4.97
10936,4.32
10937,5.0
10938,4.22
10939,5.41
10940,5.38
10941,3.6
10942,4.9
10943,5.45
10944,4.62
10945,5.42
10946,5.19
10947,4.69
10948,5.36
10949,3.52
10950,4.02
10951,4.98
10952,5.24
10953,4.01
10954,4.85
10955,4.64
10956,5.41
10957,5.39
10958,5.42
10959,4.83
10960,4.13
10961,5.37
10962,4.09
10963,4.33
10964,5.19
10965,5.23
10966,5.07
10967,4.79
10968,5.11
10969,3.98
10970,4.89
10971,5.08
10972,5.36
10973,5.34
10974,4.87
10975,2.55
10976,5.87
10977,4.9
10978,5.21
10979,3.83
10980,5.38
10981,5.35
10982,5.47
10983,4.6
10984,5.07
10985,3.55
10986,5.31
10987,5.26
10988,4.9
10989,4.3
10990,4.11
10991,3.93
10992,4.65
10993,4.4
10994,4.98
10995,4.85
10996,5.3
10997,5.6
10998,4.42
10999,4.72
11000,5.35
11001,5.22
11002,2.73
11003,5.12
11004,4.9
11005,3.58
11006,5.66
11007,5.26
11008,5.06
11009,4.51
11010,5.15
11011,5.3
11012,5.09
11013,4.93
11014,5.55
11015,5.33
11016,5.3
11017,5.24
11018,4.7
11019,3.98
11020,5.24
11021,4.98
11022,5.4
11023,4.71
11024,5.42
11025,4.54
11026,5.88
11027,4.25
11028,5.23
11029,2.36
11030,4.02
11031,5.24
11032,3.85
11033,5.28
11034,3.63
11035,5.31
11036,4.98
11037,5.28
11038,5.39
11039,5.06
11040,5.09
11041,4.96
11042,2.3
11043,4.13
11044,4.15
11045,5.09
11046,2.55
11047,5.34
11048,5.39
11049,5.43
11050,4.24
11051,5.09
11052,2.41
11053,5.27
11054,4.55
11055,5.42
11056,5.39
11057,5.21
11058,5.2
11059,5.36
11060,4.12
11061,5.56
11062,5.21
11063,5.26
11064,5.45
11065,5.42
11066,5.31
11067,4.45
11068,5.12
11069,5.34
11070,5.36
11071,5.37
11072,3.5
11073,4.84
11074,5.31
11075,4.93
11076,4.3
11077,4.58
11078,4.01
11079,5.17
11080,4.03
11081,5.31
11082,5.0
11083,4.66
11084,5.2
11085,5.03
11086,5.1
11087,5.3
11088,2.74
11089,4.6
11090,5.23
11091,3.03
11092,4.08
11093,5.17
11094,4.44
11095,4.75
11096,5.27
11097,4.59
11098,5.09
11099,5.27
11100,5.18
11101,5.09
11102,5.23
11103,4.2
11104,5.28
11105,5.31
11106,5.25
11107,4.77
11108,5.27
11109,5.31
11110,5.0
11111,4.94
11112,4.76
11113,4.95
11114,4.57
11115,5.0
11116,5.35
11117,5.32
11118,5.52
11119,5.22
11120,4.66
11121,5.43
11122,5.04
11123,4.37
11124,5.22
11125,4.97
11126,3.95
11127,5.24
11128,5.22
11129,5.48
11130,4.62
11131,4.68
11132,4.1
11133,4.08
11134,5.26
11135,5.09
11136,4.88
11137,5.16
11138,5.22
11139,5.21
11140,4.71
11141,5.02
11142,5.23
11143,5.31
11144,3.62
11145,4.48
11146,4.88
11147,5.15
11148,3.44
11149,5.09
11150,4.85
11151,4.93
11152,4.33
11153,5.24
11154,3.34
11155,5.06
11156,4.05
11157,2.52
11158,5.06
11159,4.74
11160,4.17
11161,4.77
11162,4.96
11163,5.19
11164,5.19
11165,4.04
11166,5.04
11167,5.24
11168,5.14
11169,5.26
11170,4.37
11171,4.92
11172,5.16
11173,4.43
11174,5.27
11175,5.01
11176,5.13
11177,5.07
11178,6.86
11179,4.02
11180,5.33
11181,5.37
11182,5.04
11183,5.24
11184,5.24
11185,5.1
11186,5.83
11187,5.18
11188,5.2
11189,4.09
11190,4.33
11191,4.62
11192,4.59
11193,5.15
11194,3.98
11195,5.24
11196,5.28
11197,4.95
11198,4.26
11199,4.35
11200,5.22
11201,4.18
11202,4.64
11203,2.27
11204,5.27
11205,5.24
11206,5.04
11207,5.09
11208,5.22
11209,5.55
11210,5.24
11211,4.91
11212,5.85
11213,2.84
11214,4.29
11215,5.23
11216,4.35
11217,5.45
11218,5.32
11219,3.48
11220,1.87
11221,4.07
11222,5.1
11223,4.26
11224,4.4
11225,4.18
11226,4.98
11227,4.76
11228,5.32
11229,5.22
11230,5.42
11231,5.27
11232,3.04
11233,4.54
11234,4.55
11235,4.39
11236,5.4
11237,5.31
11238,2.72
11239,5.61
11240,5.28
11241,4.22
11242,3.87
11243,5.18
11244,5.36
11245,4.74
11246,4.65
11247,2.35
11248,5.23
11249,2.71
11250,5.1
11251,4.51
11252,5.41
11253,5.57
11254,5.24
11255,5.24
11256,5.16
11257,5.51
11258,3.08
11259,5.25
11260,3.98
11261,5.54
11262,5.11
11263,4.14
11264,5.44
11265,5.24
11266,4.9
11267,2.7
11268,5.3
11269,5.25
11270,4.61
11271,5.03
11272,4.03
11273,3.6
11274,4.74
11275,5.24
11276,3.96
11277,4.26
11278,4.42
11279,5.32
11280,4.37
11281,5.4
11282,5.01
11283,4.91
11284,5.2
11285,5.09
11286,4.99
11287,5.2
11288,5.26
11289,4.87
11290,5.29
11291,4.07
11292,4.51
11293,5.22
11294,4.68
11295,5.28
11296,5.43
11297,5.06
11298,5.48
11299,4.74
11300,2.47
11301,3.51
11302,5.08
11303,4.57
11304,5.12
11305,4.39
11306,5.35
11307,5.4
11308,5.34
11309,3.19
11310,4.96
11311,4.07
11312,2.05
11313,4.92
11314,5.22
11315,5.31
11316,3.41
11317,5.24
11318,5.49
11319,2.86
11320,5.2
11321,5.29
11322,5.35
11323,4.06
11324,2.33
11325,5.23
11326,5.48
11327,3.11
11328,5.0
11329,2.75
11330,5.33
11331,5.27
11332,5.33
11333,5.48
11334,5.14
11335,4.93
11336,3.28
11337,4.0
11338,4.34
11339,5.15
11340,5.36
11341,5.28
11342,5.12
11343,3.24
11344,5.23
11345,5.3
11346,5.2
11347,5.13
11348,5.02
11349,4.06
11350,4.93
11351,4.23
11352,3.77
11353,2.79
11354,2.48
11355,3.94
11356,4.98
11357,4.88
11358,5.02
11359,5.29
11360,3.94
11361,5.16
11362,4.44
11363,5.22
11364,4.02
11365,4.31
11366,5.25
11367,5.02
11368,4.12
11369,5.24
11370,4.3
11371,4.03
11372,5.18
11373,4.09
11374,5.19
11375,5.44
11376,5.26
11377,5.33
11378,4.17
11379,4.65
11380,4.91
11381,4.08
11382,3.88
11383,4.71
11384,4.36
11385,4.47
11386,5.11
11387,5.33
11388,5.26
11389,4.93
11390,4.14
11391,4.53
11392,5.04
11393,5.05
11394,4.94
11395,4.78
11396,4.41
11397,5.52
11398,4.81
11399,5.66
11400,5.39
11401,4.93
11402,5.34
11403,5.1
11404,5.19
11405,4.58
11406,5.08
11407,5.26
11408,4.94
11409,2.31
11410,3.8
11411,2.98
11412,4.91
11413,4.34
11414,4.96
11415,5.28
11416,5.03
11417,5.24
11418,5.11
11419,4.44
11420,5.21
11421,5.27
11422,4.94
11423,5.11
11424,5.08
11425,3.4
11426,5.12
11427,4.52
11428,2.72
11429,4.97
11430,5.19
11431,3.43
11432,5.5
11433,4.34
11434,3.24
11435,4.42
11436,2.57
11437,5.13
11438,4.6
11439,4.9
11440,4.05
11441,2.3
11442,2.74
11443,2.81
11444,5.34
11445,4.56
11446,5.0
11447,5.32
11448,5.44
11449,4.68
11450,4.59
11451,4.76
11452,4.8
11453,3.88
11454,4.94
11455,5.0
11456,1.52
11457,5.14
11458,5.31
11459,2.24
11460,4.34
11461,2.83
11462,5.32
11463,3.66
11464,4.52
11465,5.23
11466,5.09
11467,5.15
11468,4.59
11469,5.38
11470,5.25
11471,3.96
11472,4.13
11473,5.07
11474,5.14
11475,5.33
11476,3.6
11477,5.14
11478,4.87
11479,4.38
11480,5.18
11481,5.29
11482,3.94
11483,5.34
11484,3.83
11485,3.22
11486,5.0
11487,5.13
11488,5.15
11489,4.84
11490,4.19
11491,5.33
11492,3.12
11493,5.16
11494,5.02
11495,5.35
11496,4.74
11497,5.38
11498,5.27
11499,2.31
11500,4.96
11501,5.01
11502,4.7
11503,4.95
11504,5.33
11505,3.97
11506,5.25
11507,5.13
11508,5.06
11509,5.35
11510,5.2
11511,5.21
11512,2.91
11513,2.56
11514,5.22
11515,5.22
11516,4.82
11517,4.09
11518,4.57
11519,5.25
11520,5.44
11521,2.26
11522,5.36
11523,5.21
11524,5.14
11525,5.29
11526,5.27
11527,5.13
11528,5.38
11529,5.42
11530,2.97
11531,4.59
11532,4.06
11533,4.65
11534,5.33
11535,4.62
11536,5.13
11537,4.26
11538,5.16
11539,5.57
11540,3.28
11541,4.68
11542,4.04
11543,5.25
11544,4.37
11545,5.23
11546,5.25
11547,5.35
11548,5.0
11549,5.48
11550,5.14
11551,3.03
11552,5.1
11553,5.21
11554,5.3
11555,4.6
11556,5.09
11557,5.05
11558,5.19
11559,5.32
11560,5.43
11561,5.38
11562,5.58
11563,5.09
11564,5.33
11565,4.81
11566,5.18
11567,4.53
11568,5.48
11569,5.23
11570,5.67
11571,4.86
11572,4.29
11573,5.26
11574,4.2
11575,1.2
11576,4.2
11577,5.08
11578,4.84
11579,4.77
11580,3.78
11581,3.67
11582,4.85
11583,4.08
11584,5.59
11585,3.48
11586,5.3
11587,4.47
11588,3.66
11589,4.86
11590,5.26
11591,5.26
11592,5.13
11593,4.86
11594,5.38
11595,5.08
11596,4.36
11597,5.09
11598,4.87
11599,3.41
11600,4.33
11601,4.4
11602,3.12
11603,4.13
11604,3.83
11605,5.26
11606,5.08
11607,5.15
11608,5.21
11609,3.06
11610,5.36
11611,5.07
11612,4.8
11613,5.2
11614,4.1
11615,5.24
11616,3.94
11617,4.97
11618,4.0
11619,5.37
11620,5.3
11621,4.67
11622,5.27
11623,5.29
11624,5.14
11625,4.86
11626,5.24
11627,3.54
11628,4.27
11629,5.24
11630,4.4
11631,4.46
11632,2.05
11633,5.03
11634,5.25
11635,5.25
11636,4.96
11637,5.23
11638,4.56
11639,4.64
11640,3.7
11641,5.05
11642,5.13
11643,4.12
11644,5.44
11645,3.76
11646,5.16
11647,5.22
11648,4.49
11649,5.07
11650,5.26
11651,4.73
11652,5.29
11653,5.55
11654,4.24
11655,4.55
11656,3.38
11657,5.22
11658,5.27
11659,5.44
11660,5.27
11661,4.76
11662,4.99
11663,5.4
11664,2.67
11665,4.19
11666,5.27
11667,5.29
11668,5.14
11669,4.09
11670,5.29
11671,5.02
11672,4.92
11673,5.46
11674,4.32
11675,5.35
11676,5.05
11677,5.12
11678,5.26
11679,3.25
11680,5.36
11681,4.59
11682,3.42
11683,4.46
11684,3.55
11685,2.63
11686,4.41
11687,5.25
11688,4.5
11689,3.2
11690,5.37
11691,2.5
11692,2.97
11693,2.49
11694,5.37
11695,5.22
11696,5.19
11697,4.75
11698,4.03
11699,2.23
11700,5.28
11701,4.72
11702,5.22
11703,5.22
11704,5.17
11705,4.41
11706,5.14
11707,5.48
11708,5.34
11709,2.78
11710,5.34
11711,5.15
11712,4.98
11713,2.93
11714,5.3
11715,5.02
11716,5.18
11717,5.34
11718,3.81
11719,4.38
11720,5.03
11721,5.24
11722,5.14
11723,5.49
11724,5.14
11725,5.89
11726,4.28
11727,5.31
11728,5.09
11729,5.29
11730,4.36
11731,4.88
11732,4.63
11733,5.41
11734,4.7
11735,5.19
11736,3.2
11737,5.13
11738,4.73
11739,4.36
11740,4.02
11741,5.12
11742,5.31
11743,5.01
11744,2.2
11745,4.02
11746,5.23
11747,4.64
11748,4.8
11749,4.63
11750,3.2
11751,5.35
11752,4.81
11753,4.61
11754,5.3
11755,4.26
11756,4.73
11757,5.27
11758,5.31
11759,5.14
11760,5.33
11761,5.24
11762,4.78
11763,5.06
11764,5.48
11765,5.17
11766,-0.04
11767,5.34
11768,4.04
11769,4.95
11770,5.12
11771,5.3
11772,4.37
11773,4.74
11774,3.42
11775,5.45
11776,4.56
11777,5.08
11778,3.23
11779,5.35
11780,4.77
11781,3.51
11782,5.04
11783,4.74
11784,4.94
11785,5.14
11786,5.01
11787,4.49
11788,4.16
11789,4.1
11790,5.12
11791,5.36
11792,2.15
11793,3.65
11794,5.11
11795,4.79
11796,5.37
11797,4.78
11798,5.34
11799,5.26
11800,4.91
11801,5.27
11802,5.2
11803,4.05
11804,5.05
11805,4.9
11806,4.44
11807,4.03
11808,5.08
11809,5.25
11810,5.1
11811,4.12
11812,4.69
11813,5.13
11814,3.18
11815,4.19
11816,4.45
11817,5.23
11818,5.33
11819,5.08
11820,4.61
11821,4.71
11822,4.81
11823,5.18
11824,5.28
11825,5.26
11826,5.11
11827,1.52
11828,4.73
11829,4.68
11830,4.69
11831,5.34
11832,3.81
11833,4.21
11834,5.21
11835,3.79
11836,5.02
11837,4.99
11838,5.35
11839,3.71
11840,5.2
11841,3.47
11842,3.74
11843,4.33
11844,5.25
11845,4.75
11846,5.48
11847,4.07
11848,5.22
11849,5.33
11850,4.51
11851,5.16
11852,5.37
11853,4.55
11854,5.24
11855,5.51
11856,4.57
11857,3.49
11858,5.38
11859,5.52
11860,5.35
11861,5.31
11862,4.66
11863,3.66
11864,2.94
11865,4.99
11866,4.32
11867,5.39
11868,5.1
11869,4.28
11870,5.11
11871,5.2
11872,4.91
11873,5.38
11874,5.49
11875,4.85
11876,3.39
11877,5.2
11878,4.72
11879,4.88
11880,5.32
11881,5.38
11882,5.36
11883,5.5
11884,3.57
11885,2.8
11886,4.8
11887,4.07
11888,2.35
11889,4.86
11890,5.45
11891,5.26
11892,2.37
11893,5.4
11894,4.66
11895,4.96
11896,5.43
11897,5.14
11898,5.35
11899,2.31
11900,5.2
11901,5.31
11902,2.22
11903,5.22
11904,2.92
11905,5.37
11906,5.22
11907,5.15
11908,4.91
11909,5.13
11910,5.2
11911,3.67
11912,4.61
11913,2.07
11914,4.13
11915,4.76
11916,5.24
11917,4.51
11918,3.91
11919,3.61
11920,2.49
11921,5.04
11922,4.18
11923,3.54
11924,4.56
11925,5.29
11926,5.39
11927,2.94
11928,5.19
11929,1.84
11930,5.34
11931,4.35
11932,4.73
11933,5.19
11934,5.43
11935,3.92
11936,5.01
11937,2.72
11938,5.41
11939,5.6
11940,5.35
11941,5.0
11942,4.96
11943,4.35
11944,4.37
11945,4.83
11946,5.29
11947,5.05
11948,5.2
11949,4.51
11950,4.49
11951,4.24
11952,5.2
11953,5.16
11954,5.3
11955,4.34
11956,5.08
11957,5.21
11958,4.43
11959,3.35
11960,4.78
11961,4.05
11962,5.07
11963,3.13
11964,2.9
11965,3.83
11966,4.82
11967,5.14
11968,4.18
11969,4.21
11970,4.94
11971,5.36
11972,5.24
11973,5.28
11974,4.97
11975,5.15
11976,5.19
11977,5.49
11978,4.85
11979,1.6
11980,5.16
11981,5.25
11982,5.27
11983,4.24
11984,5.18
11985,5.24
11986,4.23
11987,5.25
11988,5.21
11989,4.48
11990,3.25
11991,1.98
11992,5.38
11993,5.14
11994,3.83
11995,3.79
11996,5.21
11997,4.74
11998,5.21
11999,3.71
12000,4.76
12001,4.68
12002,2.75
12003,5.05
12004,4.88
12005,5.68
12006,4.64
12007,5.22
12008,4.57
12009,2.4
12010,5.43
12011,5.3
12012,2.19
12013,4.49
12014,5.31
12015,5.18
12016,5.21
12017,2.85
12018,4.93
12019,5.42
12020,4.78
12021,5.38
12022,2.48
12023,5.11
12024,4.37
12025,4.53
12026,5.26
12027,5.45
12028,5.32
12029,5.08
12030,5.04
12031,5.23
12032,2.85
12033,4.42
12034,4.67
12035,5.22
12036,4.98
12037,4.5
12038,3.51
12039,4.85
12040,5.52
12041,5.34
12042,5.49
12043,5.44
12044,5.11
12045,1.53
12046,5.42
12047,4.02
12048,5.24
12049,4.28
12050,4.05
12051,5.29
12052,4.35
12053,5.26
12054,5.21
12055,5.24
12056,5.39
12057,4.53
12058,5.38
12059,5.09
12060,3.65
12061,4.75
12062,5.26
12063,5.38
12064,3.45
12065,4.59
12066,3.18
12067,4.97
12068,5.2
12069,3.99
12070,4.4
12071,3.58
12072,4.36
12073,5.26
12074,5.16
12075,5.22
12076,4.92
12077,4.67
12078,5.23
12079,4.97
12080,4.9
12081,5.0
12082,5.16
12083,3.63
12084,5.19
12085,4.03
12086,5.4
12087,3.43
12088,4.27
12089,2.4
12090,5.21
12091,3.38
12092,5.26
12093,4.02
12094,2.3
12095,4.03
12096,4.57
12097,4.19
12098,3.92
12099,4.37
12100,5.23
12101,4.02
12102,5.25
12103,2.44
12104,4.71
12105,5.08
12106,3.64
12107,5.46
12108,3.8
12109,4.47
12110,3.72
12111,5.32
12112,2.48
12113,4.91
12114,3.49
12115,4.83
12116,5.31
12117,2.34
12118,5.16
12119,5.44
12120,4.59
12121,5.16
12122,5.24
12123,2.63
12124,4.43
12125,5.52
12126,5.17
12127,4.64
12128,4.58
12129,5.34
12130,3.59
12131,3.48
12132,5.07
12133,5.11
12134,5.25
12135,4.56
12136,5.09
12137,5.37
12138,4.86
12139,3.97
12140,5.44
12141,5.13
12142,4.89
12143,4.58
12144,5.15
12145,4.46
12146,2.74
12147,4.65
12148,2.18
12149,5.31
12150,4.32
12151,3.82
12152,5.43
12153,5.26
12154,3.27
12155,4.78
12156,5.31
12157,5.25
12158,4.15
12159,5.3
12160,4.44
12161,5.09
12162,5.33
12163,4.17
12164,5.24
12165,4.15
12166,5.28
12167,4.91
12168,4.15
12169,5.41
12170,3.45
12171,5.16
12172,4.61
12173,5.13
12174,5.21
12175,5.24
12176,3.9
12177,5.44
12178,5.36
12179,4.4
12180,5.31
12181,4.44
12182,4.99
12183,5.19
12184,3.07
12185,5.17
12186,3.74
12187,3.79
12188,5.24
12189,4.53
12190,3.99
12191,5.16
12192,2.8
12193,5.43
12194,5.47
12195,4.64
12196,5.34
12197,5.1
12198,5.32
12199,5.29
12200,3.63
12201,5.36
12202,5.04
12203,5.09
12204,4.54
12205,5.08
12206,5.38
12207,1.88
12208,5.25
12209,4.8
12210,3.65
12211,5.21
12212,5.35
12213,4.81
12214,4.23
12215,3.54
12216,5.34
12217,4.48
12218,5.37
12219,5.07
12220,4.3
12221,5.24
12222,3.77
12223,2.66
12224,5.23
12225,5.24
12226,4.74
12227,4.83
12228,4.98
12229,5.24
12230,5.36
12231,4.04
12232,4.96
12233,4.02
12234,5.35
12235,4.36
12236,4.98
12237,2.18
12238,5.25
12239,4.56
12240,2.86
12241,5.34
12242,4.59
12243,5.23
12244,4.42
12245,5.33
12246,4.8
12247,5.11
12248,5.03
12249,5.51
12250,4.31
12251,5.18
12252,4.47
12253,2.06
12254,3.91
12255,5.29
12256,4.51
12257,5.23
12258,2.57
12259,2.42
12260,4.51
12261,5.19
12262,2.83
12263,5.2
12264,3.22
12265,5.24
12266,3.9
12267,4.77
12268,4.54
12269,2.92
12270,5.51
12271,5.23
12272,5.47
12273,4.98
12274,5.03
12275,3.55
12276,4.22
12277,5.18
12278,4.48
12279,5.21
12280,5.22
12281,3.31
12282,4.61
12283,4.44
12284,4.36
12285,5.35
12286,5.4
12287,4.1
12288,5.2
12289,4.99
12290,5.24
12291,3.69
12292,2.57
12293,4.5
12294,2.92
12295,5.51
12296,4.91
12297,4.5
12298,4.28
12299,3.09
12300,3.7
12301,4.39
12302,5.26
12303,4.33
12304,1.92
12305,3.04
12306,3.87
12307,4.87
12308,5.38
12309,4.94
12310,5.24
12311,3.83
12312,5.33
12313,5.5
12314,5.23
12315,5.05
12316,4.43
12317,4.86
12318,3.95
12319,5.38
12320,3.92
12321,5.38
12322,4.97
12323,2.8
12324,3.85
12325,3.85
12326,5.15
12327,4.84
12328,2.47
12329,5.0
12330,5.4
12331,5.06
12332,5.28
12333,3.48
12334,5.13
12335,5.13
12336,5.33
12337,5.19
12338,4.93
12339,5.31
12340,4.21
12341,5.21
12342,5.3
12343,5.02
12344,5.24
12345,5.41
12346,4.09
12347,5.34
12348,5.36
12349,5.5
12350,5.24
12351,4.8
12352,4.88
12353,5.15
12354,4.57
12355,4.42
12356,5.25
12357,4.51
12358,5.17
12359,4.41
12360,4.12
12361,5.42
12362,4.99
12363,5.27
12364,2.89
12365,5.61
12366,5.16
12367,5.11
12368,5.08
12369,3.3
12370,5.36
12371,4.78
12372,4.61
12373,4.88
12374,4.88
12375,5.4
12376,4.17
12377,3.22
12378,5.3
12379,4.57
12380,5.3
12381,5.34
12382,5.06
12383,4.29
12384,5.25
12385,5.48
12386,5.07
12387,5.23
12388,3.69
12389,4.36
12390,4.36
12391,5.19
12392,5.02
12393,4.82
12394,4.34
12395,4.52
12396,5.24
12397,5.43
12398,4.91
12399,5.52
12400,2.51
12401,4.66
12402,5.21
12403,5.25
12404,4.19
12405,5.3
12406,4.58
12407,5.02
12408,5.01
12409,5.56
12410,4.63
12411,5.5
12412,3.95
12413,3.58
12414,5.35
12415,5.11
12416,4.49
12417,5.28
12418,5.31
12419,5.22
12420,5.39
12421,4.53
12422,5.26
12423,4.66
12424,4.78
12425,4.69
12426,4.55
12427,4.88
12428,5.39
12429,5.02
12430,3.8
12431,5.25
12432,5.09
12433,3.91
12434,5.23
12435,4.15
12436,4.14
12437,5.11
12438,3.94
12439,5.16
12440,4.92
12441,3.52
12442,5.3
12443,5.21
12444,4.14
12445,4.07
12446,4.12
12447,3.6
12448,3.12
12449,4.82
12450,5.17
12451,3.75
12452,4.67
12453,5.11
12454,2.74
12455,5.48
12456,5.1
12457,4.5
12458,4.84
12459,4.27
12460,2.46
12461,4.86
12462,5.06
12463,4.41
12464,5.07
12465,2.92
12466,3.53
12467,4.79
12468,5.57
12469,5.54
12470,5.28
12471,3.57
12472,3.11
12473,2.78
12474,5.0
12475,3.22
12476,3.52
12477,5.45
12478,2.69
12479,5.28
12480,4.34
12481,5.46
12482,5.07
12483,4.45
12484,2.48
12485,5.43
12486,4.03
12487,5.37
12488,2.86
12489,4.95
12490,5.25
12491,4.63
12492,4.98
12493,4.89
12494,5.2
12495,3.59
12496,5.0
12497,4.65
12498,3.41
12499,2.33
12500,4.37
12501,4.24
12502,5.26
12503,3.27
12504,5.45
12505,4.51
12506,5.26
12507,4.13
12508,4.05
12509,3.99
12510,5.42
12511,5.42
12512,3.31
12513,5.47
12514,5.61
12515,5.07
12516,5.49
12517,5.22
12518,4.24
12519,4.89
12520,5.36
12521,5.26
12522,4.84
12523,4.35
12524,5.29
12525,3.99
12526,5.23
12527,4.14
12528,4.79
12529,4.12
12530,4.2
12531,4.42
12532,5.19
12533,5.39
12534,5.51
12535,4.57
12536,5.12
12537,4.71
12538,3.51
12539,4.11
12540,3.77
12541,5.3
12542,5.1
12543,5.21
12544,5.32
12545,5.4
12546,5.01
12547,2.75
12548,5.19
12549,4.57
12550,3.24
12551,4.82
12552,5.43
12553,4.92
12554,4.99
12555,4.76
12556,3.85
12557,2.64
12558,5.55
12559,5.39
12560,4.93
12561,5.07
12562,2.91
12563,5.37
12564,4.83
12565,2.84
12566,5.45
12567,4.16
12568,1.4
12569,1.98
12570,5.31
12571,4.48
12572,5.35
12573,4.46
12574,5.01
12575,5.05
12576,4.78
12577,5.17
12578,5.48
12579,5.44
12580,5.31
12581,5.18
12582,2.88
12583,4.74
12584,4.16
12585,5.16
12586,5.24
12587,5.4
12588,3.53
12589,5.08
12590,5.38
12591,4.92
12592,5.35
12593,5.04
12594,4.32
12595,5.25
12596,5.33
12597,5.23
12598,5.27
12599,4.77
12600,5.22
12601,5.18
12602,5.17
12603,4.18
12604,5.42
12605,5.32
12606,5.51
12607,4.16
12608,3.84
12609,4.75
12610,5.05
12611,2.75
12612,4.82
12613,5.18
12614,3.54
12615,5.0
12616,5.66
12617,4.23
12618,5.2
12619,4.9
12620,3.59
12621,4.26
12622,4.32
12623,5.02
12624,5.16
12625,5.09
12626,4.8
12627,3.72
12628,4.3
12629,2.32
12630,3.63
12631,4.3
12632,5.51
12633,3.87
12634,3.63
12635,5.23
12636,4.17
12637,5.28
12638,2.73
12639,5.32
12640,4.72
12641,5.08
12642,5.25
12643,5.14
12644,5.23
12645,5.12
12646,4.42
12647,5.41
12648,5.4
12649,5.18
12650,4.73
12651,4.83
12652,5.0
12653,5.17
12654,5.23
12655,5.0
12656,5.34
12657,5.23
12658,3.93
12659,4.63
12660,5.44
12661,5.01
12662,5.62
12663,5.21
12664,4.81
12665,5.3
12666,5.24
12667,2.56
12668,4.86
12669,4.58
12670,4.15
12671,4.13
12672,5.32
12673,5.29
12674,5.35
12675,5.31
12676,2.57
12677,5.04
12678,2.79
12679,3.1
12680,4.77
12681,4.36
12682,2.32
12683,4.69
12684,5.31
12685,5.16
12686,4.98
12687,4.45
12688,2.0
12689,2.84
12690,5.1
12691,5.1
12692,5.24
12693,5.58
12694,4.34
12695,4.12
12696,5.06
12697,4.15
12698,4.65
12699,4.07
12700,5.38
12701,5.27
12702,4.88
12703,5.41
12704,5.31
12705,5.01
12706,5.04
12707,5.68
12708,5.41
12709,4.39
12710,5.21
12711,3.92
12712,5.0
12713,5.28
12714,5.15
12715,5.24
12716,4.55
12717,4.42
12718,2.56
12719,3.28
12720,5.38
12721,4.65
12722,5.15
12723,4.43
12724,4.3
12725,3.03
12726,4.99
12727,3.28
12728,4.95
12729,2.66
12730,5.13
12731,4.34
12732,5.2
12733,4.94
12734,4.39
12735,5.15
12736,2.04
12737,5.22
12738,3.59
12739,5.37
12740,5.33
12741,4.91
12742,2.68
12743,4.45
12744,5.3
12745,5.04
12746,2.31
12747,5.31
12748,4.89
12749,3.64
12750,4.16
12751,5.29
12752,5.26
12753,4.94
12754,3.43
12755,5.39
12756,5.21
12757,3.79
12758,4.16
12759,5.02
12760,4.9
12761,5.13
12762,2.93
12763,4.32
12764,5.13
12765,2.23
12766,4.48
12767,3.72
12768,4.66
12769,5.14
12770,4.85
12771,4.67
12772,5.29
12773,4.56
12774,5.19
12775,5.26
12776,5.22
12777,5.21
12778,4.15
12779,4.97
12780,5.26
12781,2.41
12782,3.8
12783,4.59
12784,4.72
12785,5.29
12786,4.41
12787,5.0
12788,5.48
12789,5.75
12790,5.35
12791,3.24
12792,3.23
12793,3.23
12794,3.95
12795,5.56
12796,3.9
12797,5.1
12798,4.73
12799,5.23
12800,3.94
12801,5.47
12802,2.92
12803,2.57
12804,5.22
12805,4.88
12806,4.69
12807,5.26
12808,3.7
12809,4.53
12810,3.36
12811,5.29
12812,4.46
12813,5.16
12814,4.62
12815,2.77
12816,5.25
12817,5.05
12818,4.67
12819,5.03
12820,5.15
12821,5.19
12822,4.4
12823,5.41
12824,5.33
12825,5.28
12826,4.59
12827,5.33
12828,5.3
12829,5.49
12830,2.23
12831,5.07
12832,5.48
12833,3.67
12834,4.18
12835,4.47
12836,2.46
12837,4.53
12838,5.25
12839,4.76
12840,5.13
12841,5.21
12842,5.13
12843,3.14
12844,4.73
12845,3.85
12846,4.16
12847,4.75
12848,4.47
12849,5.32
12850,4.75
12851,4.67
12852,4.69
12853,4.18
12854,4.9
12855,4.85
12856,5.19
12857,5.15
12858,5.53
12859,6.16
12860,4.92
12861,4.54
12862,4.23
12863,3.17
12864,5.32
12865,4.33
12866,2.47
12867,4.13
12868,3.06
12869,5.41
12870,4.56
12871,5.2
12872,2.7
12873,2.48
12874,4.4
12875,5.07
12876,4.78
12877,3.27
12878,4.74
12879,5.14
12880,2.02
12881,4.94
12882,5.17
12883,5.2
12884,5.14
12885,5.02
12886,5.53
12887,5.31
12888,5.06
12889,4.2
12890,5.11
12891,5.08
12892,5.0
12893,5.33
12894,5.56
12895,4.1
12896,5.32
12897,4.91
12898,3.39
12899,5.28
12900,5.47
12901,5.29
12902,4.14
12903,4.39
12904,5.3
12905,4.43
12906,1.02
12907,5.17
12908,2.96
12909,4.63
12910,5.35
12911,5.27
12912,5.07
12913,5.4
12914,5.02
12915,4.68
12916,5.38
12917,5.89
12918,4.01
12919,5.45
12920,4.59
12921,4.57
12922,4.83
12923,5.25
12924,5.02
12925,2.5
12926,4.41
12927,3.94
12928,5.07
12929,4.83
12930,5.4
12931,5.49
12932,5.08
12933,4.25
12934,4.93
12935,5.18
12936,5.06
12937,2.55
12938,5.27
12939,5.26
12940,5.18
12941,5.1
12942,4.1
12943,3.19
12944,5.33
12945,3.99
12946,5.19
12947,2.75
12948,3.52
12949,4.52
12950,5.38
12951,5.42
12952,5.32
12953,4.51
12954,5.39
12955,5.04
12956,2.99
12957,4.05
12958,4.95
12959,3.84
12960,3.62
12961,2.45
12962,5.25
12963,4.75
12964,3.29
12965,4.18
12966,5.05
12967,5.38
12968,5.31
12969,2.71
12970,4.13
12971,4.14
12972,4.29
12973,4.45
12974,2.94
12975,5.5
12976,5.39
12977,5.13
12978,2.58
12979,3.62
12980,4.54
12981,5.07
12982,4.75
12983,5.1
12984,5.11
12985,4.9
12986,5.2
12987,4.36
12988,4.51
12989,5.51
12990,4.83
12991,5.32
12992,3.4
12993,3.19
12994,4.52
12995,5.34
12996,3.48
12997,4.7
12998,5.32
12999,5.34
13000,3.88
13001,2.36
13002,3.01
13003,5.23
13004,4.92
13005,4.11
13006,4.56
13007,5.24
13008,3.38
13009,4.81
13010,5.24
13011,4.27
13012,3.39
13013,4.61
13014,3.59
13015,5.04
13016,5.06
13017,3.51
13018,5.47
13019,5.29
13020,4.46
13021,5.23
13022,5.48
13023,5.14
13024,5.47
13025,4.63
13026,3.65
13027,4.58
13028,5.04
13029,5.51
13030,5.07
13031,5.1
13032,4.61
13033,5.4
13034,1.42
13035,4.78
13036,5.57
13037,4.25
13038,5.38
13039,0.93
13040,4.21
13041,5.14
13042,4.77
13043,5.2
13044,5.63
13045,5.27
13046,5.13
13047,3.78
13048,4.5
13049,4.21
13050,5.18
13051,5.43
13052,5.07
13053,5.35
13054,4.69
13055,3.19
13056,4.71
13057,4.13
13058,4.02
13059,3.86
13060,5.36
13061,5.02
13062,5.23
13063,4.32
13064,5.51
13065,5.52
13066,3.98
13067,5.22
13068,5.21
13069,4.0
13070,5.49
13071,4.56
13072,2.37
13073,4.78
13074,5.08
13075,5.1
13076,5.32
13077,4.65
13078,5.31
13079,4.83
13080,3.4
13081,5.46
13082,5.15
13083,5.15
13084,5.29
13085,5.03
13086,5.03
13087,3.41
13088,5.22
13089,5.42
13090,5.4
13091,4.54
13092,5.28
13093,5.25
13094,5.1
13095,5.29
13096,4.97
13097,5.22
13098,4.86
13099,4.87
13100,4.8
13101,5.13
13102,5.04
13103,4.8
13104,5.3
13105,5.24
13106,5.26
13107,2.55
13108,4.15
13109,4.74
13110,5.11
13111,5.87
13112,5.36
13113,5.29
13114,5.17
13115,3.99
13116,5.39
13117,4.59
13118,5.06
13119,5.09
13120,2.92
13121,4.01
13122,4.44
13123,5.09
13124,4.07
13125,3.97
13126,2.06
13127,5.11
13128,5.35
13129,5.1
13130,5.03
13131,5.23
13132,5.01
13133,4.43
13134,3.54
13135,3.37
13136,4.81
13137,4.33
13138,5.08
13139,5.04
13140,4.56
13141,4.64
13142,5.32
13143,5.31
13144,5.39
13145,4.98
13146,5.15
13147,3.12
13148,5.1
13149,5.04
13150,2.6
13151,4.96
13152,4.33
13153,4.11
13154,3.93
13155,4.26
13156,2.87
13157,5.26
13158,5.38
13159,5.17
13160,3.19
13161,4.71
13162,4.43
13163,5.26
13164,1.26
13165,3.07
13166,5.11
13167,4.28
13168,5.15
13169,5.12
13170,5.32
13171,5.05
13172,3.62
13173,1.6
13174,5.18
13175,5.23
13176,4.35
13177,4.97
13178,4.75
13179,5.04
13180,5.09
13181,5.19
13182,4.66
13183,5.33
13184,5.04
13185,5.39
13186,4.74
13187,5.46
13188,5.19
13189,4.0
13190,4.48
13191,5.32
13192,4.28
13193,5.34
13194,4.14
13195,2.55
13196,3.9
13197,5.27
13198,5.43
13199,5.27
13200,4.08
13201,5.33
13202,5.27
13203,4.61
13204,2.83
13205,2.36
13206,3.88
13207,4.41
13208,3.38
13209,5.4
13210,5.1
13211,5.17
13212,4.87
13213,5.4
13214,3.73
13215,5.18
13216,4.73
13217,2.36
13218,4.08
13219,5.49
13220,5.18
13221,4.49
13222,3.16
13223,3.87
13224,5.19
13225,5.26
13226,5.33
13227,5.23
13228,5.11
13229,5.45
13230,5.22
13231,5.24
13232,4.35
13233,4.52
13234,5.53
13235,5.21
13236,4.34
13237,5.38
13238,4.65
13239,5.05
13240,5.26
13241,4.11
13242,5.18
13243,5.29
13244,5.3
13245,4.86
13246,4.9
13247,2.43
13248,4.53
13249,2.59
13250,5.27
13251,5.31
13252,5.14
13253,3.16
13254,2.82
13255,4.28
13256,4.39
13257,3.88
13258,5.51
13259,4.18
13260,5.17
13261,4.98
13262,5.19
13263,4.09
13264,4.25
13265,5.12
13266,5.22
13267,5.13
13268,5.37
13269,3.09
13270,4.23
13271,5.23
13272,2.99
13273,5.35
13274,3.38
13275,5.18
13276,5.26
13277,5.26
13278,4.95
13279,4.46
13280,4.59
13281,5.3
13282,5.06
13283,2.85
13284,3.98
13285,5.28
13286,4.76
13287,5.42
13288,2.78
13289,5.12
13290,5.38
13291,4.96
13292,4.14
13293,4.93
13294,4.24
13295,4.2
13296,4.8
13297,2.52
13298,5.13
13299,2.34
13300,3.23
13301,5.47
13302,5.6
13303,5.04
13304,4.92
13305,4.66
13306,3.87
13307,4.5
13308,5.34
13309,4.79
13310,4.55
13311,4.48
13312,5.36
13313,3.75
13314,5.53
13315,2.41
13316,5.42
13317,5.28
13318,5.49
13319,4.33
13320,3.21
13321,3.48
13322,2.63
13323,3.74
13324,5.2
13325,3.37
13326,4.27
13327,4.92
13328,4.55
13329,5.15
13330,2.21
13331,5.28
13332,4.32
13333,4.8
13334,5.05
13335,4.95
13336,4.56
13337,2.17
13338,5.07
13339,-0.13
13340,4.91
13341,3.98
13342,5.44
13343,2.81
13344,4.25
13345,3.58
13346,5.1
13347,5.43
13348,5.39
13349,5.43
13350,4.46
13351,5.43
13352,5.28
13353,5.0
13354,5.04
13355,4.79
13356,3.38
13357,3.21
13358,5.32
13359,5.36
13360,5.08
13361,3.72
13362,2.14
13363,4.7
13364,5.19
13365,4.85
13366,4.54
13367,5.23
13368,5.37
13369,5.31
13370,4.78
13371,5.25
13372,5.17
13373,4.98
13374,5.3
13375,5.53
13376,4.36
13377,5.27
13378,5.11
13379,4.43
13380,5.48
13381,4.51
13382,5.34
13383,5.03
13384,5.16
13385,3.37
13386,3.55
13387,5.16
13388,5.08
13389,3.98
13390,4.62
13391,5.26
13392,5.05
13393,5.04
13394,5.13
13395,5.11
13396,4.32
13397,2.28
13398,4.0
13399,5.22
13400,3.67
13401,4.72
13402,4.85
13403,5.38
13404,5.19
13405,1.58
13406,4.99
13407,2.94
13408,3.35
13409,5.44
13410,5.22
13411,2.81
13412,5.28
13413,5.33
13414,3.8
13415,5.25
13416,4.03
13417,5.22
13418,1.54
13419,4.97
13420,4.99
13421,5.09
13422,5.08
13423,4.96
13424,4.71
13425,2.59
13426,4.23
13427,5.16
13428,5.3
13429,4.96
13430,5.34
13431,4.27
13432,5.2
13433,4.29
13434,4.46
13435,5.01
13436,5.47
13437,3.18
13438,4.76
13439,2.47
13440,4.38
13441,5.38
13442,4.45
13443,4.98
13444,5.3
13445,4.8
13446,2.85
13447,4.66
13448,5.26
13449,5.22
13450,1.9
13451,3.91
13452,4.1
13453,5.31
13454,5.08
13455,5.3
13456,5.12
13457,4.45
13458,5.26
13459,5.41
13460,4.72
13461,5.37
13462,5.27
13463,5.34
13464,5.1
13465,4.26
13466,5.39
13467,5.41
13468,4.29
13469,3.27
13470,4.52
13471,5.27
13472,2.4
13473,4.96
13474,5.28
13475,4.77
13476,3.86
13477,4.36
13478,3.27
13479,5.13
13480,3.49
13481,5.33
13482,5.19
13483,4.81
13484,5.23
13485,5.34
13486,5.39
13487,5.78
13488,5.26
13489,4.12
13490,4.02
13491,4.3
13492,4.51
13493,2.43
13494,5.22
13495,4.39
13496,2.95
13497,4.62
13498,5.41
13499,5.33
13500,4.71
13501,5.1
13502,5.05
13503,5.24
13504,5.28
13505,4.86
13506,5.24
13507,5.21
13508,5.03
13509,5.43
13510,5.37
13511,5.47
13512,5.48
13513,3.39
13514,5.08
13515,2.07
13516,5.29
13517,4.37
13518,5.27
13519,5.0
13520,4.77
13521,4.54
13522,2.16
13523,4.42
13524,5.32
13525,4.97
13526,4.42
13527,4.79
13528,5.25
13529,5.28
13530,5.05
13531,5.23
13532,3.19
13533,4.63
13534,3.39
13535,5.11
13536,4.22
13537,5.34
13538,4.5
13539,4.16
13540,5.5
13541,5.51
13542,5.35
13543,5.33
13544,5.08
13545,5.25
13546,4.5
13547,5.31
13548,4.38
13549,3.63
13550,4.7
13551,5.14
13552,4.94
13553,4.87
13554,5.24
13555,4.95
13556,5.22
13557,5.46
13558,5.16
13559,5.24
13560,4.64
13561,5.23
13562,5.04
13563,4.67
13564,5.35
13565,3.43
13566,4.56
13567,4.93
13568,3.52
13569,5.45
13570,5.35
13571,4.06
13572,5.31
13573,4.81
13574,5.26
13575,5.06
13576,2.85
13577,5.18
13578,3.89
13579,5.35
13580,4.98
13581,2.21
13582,3.5
13583,5.15
13584,4.43
13585,5.37
13586,5.29
13587,3.22
13588,4.51
13589,4.61
13590,5.11
13591,4.62
13592,4.23
13593,4.44
13594,5.52
13595,5.11
13596,5.03
13597,5.12
13598,5.19
13599,4.91
13600,4.9
13601,4.86
13602,5.04
13603,2.19
13604,5.44
13605,5.04
13606,4.05
13607,5.26
13608,4.12
13609,4.53
13610,5.33
13611,4.4
13612,5.04
13613,5.28
13614,5.39
13615,5.23
13616,4.96
13617,5.3
13618,4.4
13619,5.38
13620,5.32
13621,4.78
13622,5.06
13623,4.0
13624,5.16
13625,2.94
13626,4.68
13627,5.5
13628,4.31
13629,3.96
13630,3.14
13631,4.26
13632,4.31
13633,5.29
13634,3.27
13635,4.48
13636,3.83
13637,4.99
13638,5.36
13639,4.71
13640,4.2
13641,4.57
13642,5.38
13643,5.11
13644,4.47
13645,5.26
13646,5.32
13647,5.18
13648,4.63
13649,3.52
13650,4.06
13651,5.37
13652,4.91
13653,5.29
13654,4.43
13655,4.92
13656,5.33
13657,5.22
13658,5.58
13659,4.64
13660,4.9
13661,5.37
13662,4.64
13663,5.24
13664,4.75
13665,4.42
13666,4.95
13667,3.66
13668,5.07
13669,5.03
13670,3.21
13671,4.52
13672,5.34
13673,5.29
13674,4.05
13675,5.24
13676,5.55
13677,5.3
13678,2.78
13679,5.58
13680,5.01
13681,4.9
13682,2.95
13683,5.13
13684,5.03
13685,4.07
13686,5.29
13687,5.34
13688,2.94
13689,4.16
13690,2.95
13691,4.87
13692,5.25
13693,5.21
13694,4.88
13695,4.17
13696,4.93
13697,4.73
13698,5.43
13699,3.76
13700,2.61
13701,4.1
13702,3.83
13703,4.75
13704,5.3
13705,4.43
13706,3.12
13707,4.31
13708,2.51
13709,3.76
13710,4.98
13711,5.1
13712,2.84
13713,5.48
13714,4.09
13715,4.55
13716,5.43
13717,5.28
13718,4.77
13719,4.19
13720,5.67
13721,4.96
13722,5.31
13723,5.52
13724,5.38
13725,3.11
13726,5.32
13727,4.52
13728,4.21
13729,4.96
13730,4.51
13731,3.39
13732,0.94
13733,4.47
13734,4.61
13735,4.99
13736,5.01
13737,4.61
13738,4.1
13739,5.35
13740,5.4
13741,5.15
13742,4.61
13743,4.73
13744,5.17
13745,5.19
13746,5.16
13747,4.1
13748,5.13
13749,5.22
13750,5.23
13751,5.29
13752,5.31
13753,5.4
13754,5.18
13755,4.97
13756,4.42
13757,4.25
13758,3.73
13759,4.18
13760,4.15
13761,5.34
13762,5.23
13763,4.49
13764,5.29
13765,5.15
13766,4.55
13767,2.76
13768,5.08
13769,5.09
13770,3.59
13771,4.45
13772,2.57
13773,3.65
13774,5.23
13775,4.0
13776,5.42
13777,4.53
13778,4.55
13779,3.36
13780,4.86
13781,4.87
13782,4.02
13783,4.22
13784,5.22
13785,5.18
13786,5.21
13787,5.12
13788,5.08
13789,5.02
13790,3.68
13791,4.4
13792,4.18
13793,3.69
13794,4.9
13795,5.07
13796,4.24
13797,5.1
13798,4.07
13799,2.48
13800,2.95
13801,5.24
13802,5.1
13803,4.39
13804,5.2
13805,4.79
13806,4.5
13807,5.02
13808,4.5
13809,5.46
13810,4.94
13811,5.35
13812,5.47
13813,4.16
13814,4.7
13815,2.23
13816,4.53
13817,4.11
13818,5.0
13819,3.59
13820,5.46
13821,4.64
13822,5.15
13823,5.15
13824,5.37
13825,5.04
13826,4.97
13827,5.34
13828,5.24
13829,5.21
13830,5.29
13831,5.25
13832,3.91
13833,5.1
13834,3.97
13835,5.15
13836,4.9
13837,4.75
13838,5.22
13839,3.01
13840,5.28
13841,5.06
13842,5.44
13843,4.21
13844,5.29
13845,2.71
13846,5.29
13847,4.56
13848,5.1
13849,4.73
13850,4.8
13851,3.69
13852,4.78
13853,5.1
13854,5.24
13855,3.91
13856,3.4
13857,5.42
13858,3.55
13859,2.93
13860,5.08
13861,4.51
13862,3.99
13863,2.77
13864,5.05
13865,5.6
13866,5.29
13867,4.49
13868,3.63
13869,5.03
13870,5.18
13871,5.26
13872,5.21
13873,5.39
13874,5.32
13875,5.17
13876,5.31
13877,5.07
13878,4.49
13879,4.5
13880,5.14
13881,2.36
13882,5.03
13883,3.44
13884,4.41
13885,3.93
13886,3.65
13887,5.14
13888,4.12
13889,5.48
13890,5.37
13891,4.78
13892,5.04
13893,5.22
13894,4.24
13895,4.41
13896,4.87
13897,4.72
13898,4.46
13899,4.61
13900,2.31
13901,5.22
13902,5.44
13903,5.2
13904,4.37
13905,3.24
13906,5.05
13907,6.0
13908,2.71
13909,2.43
13910,5.2
13911,5.18
13912,4.56
13913,5.03
13914,5.52
13915,4.96
13916,5.56
13917,3.93
13918,3.45
13919,4.44
13920,4.72
13921,4.81
13922,5.1
13923,3.8
13924,5.4
13925,4.82
13926,5.36
13927,5.22
13928,5.38
13929,5.21
13930,2.89
13931,3.39
13932,5.22
13933,5.34
13934,5.3
13935,4.7
13936,5.3
13937,4.73
13938,3.73
13939,4.37
13940,5.05
13941,3.34
13942,5.13
13943,5.02
13944,4.56
13945,3.81
13946,3.11
13947,5.36
13948,4.73
13949,3.55
13950,3.56
13951,5.19
13952,4.69
13953,4.31
13954,4.82
13955,3.17
13956,4.72
13957,2.67
13958,5.24
13959,5.43
13960,5.29
13961,5.23
13962,4.65
13963,4.32
13964,5.25
13965,5.25
13966,4.92
13967,4.92
13968,1.66
13969,5.05
13970,5.16
13971,5.42
13972,2.31
13973,5.32
13974,5.25
13975,5.18
13976,2.48
13977,5.21
13978,5.13
13979,5.22
13980,3.25
13981,4.73
13982,5.06
13983,3.64
13984,4.95
13985,4.91
13986,2.74
13987,3.08
13988,2.92
13989,4.53
13990,5.23
13991,5.03
13992,4.93
13993,4.98
13994,4.68
13995,5.57
13996,5.3
13997,2.35
13998,5.3
13999,4.35
14000,5.23
14001,4.95
14002,3.28
14003,5.23
14004,5.43
14005,4.61
14006,5.49
14007,3.41
14008,5.38
14009,5.38
14010,5.29
14011,5.38
14012,5.09
14013,5.34
14014,4.78
14015,4.07
14016,2.11
14017,4.39
14018,5.21
14019,3.75
14020,3.58
14021,4.51
14022,2.89
14023,4.52
14024,5.07
14025,5.35
14026,5.39
14027,3.51
14028,5.16
14029,4.87
14030,5.71
14031,4.99
14032,4.67
14033,5.23
14034,5.45
14035,4.15
14036,4.5
14037,4.87
14038,5.35
14039,4.01
14040,5.07
14041,5.25
14042,4.67
14043,4.61
14044,3.5
14045,2.96
14046,3.58
14047,3.95
14048,5.05
14049,5.25
14050,5.25
14051,5.21
14052,2.55
14053,4.92
14054,5.3
14055,4.29
14056,4.87
14057,5.26
14058,4.02
14059,4.48
14060,5.05
14061,4.9
14062,3.6
14063,5.51
14064,5.47
14065,4.98
14066,4.73
14067,5.41
14068,4.24
14069,4.93
14070,3.63
14071,3.16
14072,3.17
14073,2.72
14074,5.23
14075,5.02
14076,5.41
14077,5.3
14078,5.44
14079,5.17
14080,4.48
14081,4.98
14082,2.15
14083,5.36
14084,5.16
14085,4.9
14086,4.0
14087,5.24
14088,0.56
14089,5.32
14090,5.15
14091,4.07
14092,5.16
14093,4.44
14094,5.03
14095,4.38
14096,5.11
14097,3.28
14098,3.97
14099,5.38
14100,1.31
14101,5.13
14102,5.55
14103,5.25
14104,5.19
14105,3.76
14106,2.38
14107,4.8
14108,5.14
14109,5.29
14110,4.4
14111,4.02
14112,5.18
14113,5.3
14114,5.39
14115,2.54
14116,4.92
14117,5.5
14118,5.89
14119,3.04
14120,3.9
14121,5.07
14122,5.34
14123,2.16
14124,5.28
14125,5.21
14126,4.47
14127,4.51
14128,5.4
14129,5.11
14130,5.37
14131,4.89
14132,3.87
14133,5.24
14134,5.33
14135,4.29
14136,3.48
14137,5.27
14138,4.96
14139,5.48
14140,4.3
14141,5.24
14142,3.85
14143,4.49
14144,5.36
14145,2.85
14146,4.52
14147,5.07
14148,5.18
14149,4.95
14150,4.92
14151,4.11
14152,3.89
14153,4.6
14154,3.91
14155,1.5
14156,5.25
14157,4.7
14158,4.51
14159,4.63
14160,5.04
14161,5.25
14162,4.44
14163,5.4
14164,4.92
14165,4.21
14166,4.03
14167,5.41
14168,5.11
14169,2.94
14170,5.18
14171,5.3
14172,5.27
14173,5.26
14174,4.1
14175,3.28
14176,5.06
14177,3.37
14178,4.1
14179,4.28
14180,4.84
14181,4.58
14182,5.22
14183,5.27
14184,4.12
14185,4.52
14186,5.07
14187,5.25
14188,5.14
14189,4.01
14190,5.04
14191,5.08
14192,5.49
14193,5.42
14194,5.21
14195,2.75
14196,5.28
14197,5.29
14198,4.11
14199,5.16
14200,4.22
14201,5.39
14202,5.5
14203,5.19
14204,4.82
14205,5.28
14206,5.08
14207,5.3
14208,4.03
14209,4.43
14210,5.26
14211,5.0
14212,4.83
14213,5.51
14214,5.23
14215,4.53
14216,3.66
14217,3.17
14218,2.03
14219,5.34
14220,5.28
14221,5.03
14222,2.16
14223,5.01
14224,4.64
14225,5.56
14226,5.37
14227,5.32
14228,3.96
14229,4.72
14230,5.38
14231,4.98
14232,4.24
14233,5.42
14234,4.94
14235,5.42
14236,5.24
14237,4.74
14238,5.46
14239,5.12
14240,4.9
14241,5.29
14242,5.05
14243,4.86
14244,5.14
14245,3.78
14246,5.28
14247,5.15
14248,5.01
14249,5.31
14250,2.52
14251,5.2
14252,5.38
14253,4.18
14254,5.17
14255,3.61
14256,2.36
14257,5.16
14258,5.32
14259,5.16
14260,5.33
14261,4.98
14262,2.16
14263,5.27
14264,4.3
14265,5.52
14266,5.0
14267,4.96
14268,3.83
14269,4.72
14270,5.03
14271,5.44
14272,3.84
14273,4.1
14274,2.89
14275,5.26
14276,4.55
14277,3.85
14278,5.02
14279,5.01
14280,4.38
14281,5.33
14282,5.17
14283,2.43
14284,4.24
14285,5.28
14286,4.91
14287,4.26
14288,5.11
14289,4.91
14290,4.42
14291,4.08
14292,4.2
14293,5.62
14294,4.46
14295,4.89
14296,5.32
14297,4.72
14298,5.5
14299,3.44
14300,5.09
14301,5.05
14302,5.47
14303,1.17
14304,4.85
14305,3.91
14306,5.14
14307,5.62
14308,3.87
14309,3.37
14310,4.3
14311,4.4
14312,5.24
14313,5.25
14314,5.29
14315,4.8
14316,5.05
14317,4.48
14318,4.78
14319,3.44
14320,4.49
14321,3.16
14322,5.14
14323,4.98
14324,2.97
14325,3.41
14326,3.39
14327,3.33
14328,5.4
14329,5.32
14330,2.53
14331,5.44
14332,4.38
14333,5.32
14334,5.19
14335,5.41
14336,3.76
14337,4.42
14338,3.75
14339,2.83
14340,3.91
14341,5.33
14342,4.28
14343,5.41
14344,5.41
14345,5.07
14346,5.41
14347,4.37
14348,5.27
14349,4.69
14350,4.86
14351,2.54
14352,5.29
14353,5.5
14354,5.11
14355,4.93
14356,3.53
14357,4.12
14358,4.99
14359,5.25
14360,5.36
14361,4.71
14362,4.98
14363,5.34
14364,4.41
14365,5.35
14366,5.32
14367,5.32
14368,5.33
14369,4.66
14370,5.27
14371,4.94
14372,4.01
14373,5.33
14374,5.15
14375,4.63
14376,5.24
14377,3.54
14378,4.56
14379,4.6
14380,4.38
14381,5.13
14382,3.95
14383,4.63
14384,5.09
14385,2.79
14386,4.37
14387,4.81
14388,5.14
14389,4.01
14390,5.5
14391,5.39
14392,5.23
14393,4.28
14394,5.24
14395,4.95
14396,5.33
14397,5.28
14398,5.31
14399,3.14
14400,3.99
14401,5.62
14402,4.96
14403,5.26
14404,3.04
14405,4.86
14406,5.35
14407,4.96
14408,5.18
14409,5.02
14410,5.45
14411,5.46
14412,3.5
14413,4.94
14414,5.25
14415,5.14
14416,4.93
14417,4.79
14418,3.57
14419,4.24
14420,4.81
14421,5.24
14422,5.35
14423,4.63
14424,2.47
14425,3.0
14426,5.32
14427,1.75
14428,2.31
14429,3.88
14430,4.46
14431,3.5
14432,5.23
14433,4.38
14434,5.29
14435,5.37
14436,5.34
14437,3.42
14438,5.28
14439,5.27
14440,5.02
14441,5.33
14442,3.73
14443,5.07
14444,4.62
14445,2.82
14446,5.32
14447,4.95
14448,4.15
14449,5.28
14450,4.45
14451,5.39
14452,3.79
14453,4.82
14454,5.19
14455,3.38
14456,5.11
14457,5.04
14458,5.27
14459,5.35
14460,4.08
14461,5.0
14462,5.2
14463,4.1
14464,4.9
14465,5.27
14466,5.31
14467,5.31
14468,5.24
14469,5.07
14470,5.07
14471,3.36
14472,4.65
14473,5.16
14474,3.97
14475,5.26
14476,5.17
14477,5.28
14478,5.2
14479,4.48
14480,4.75
14481,4.26
14482,4.55
14483,5.26
14484,5.16
14485,5.12
14486,5.25
14487,3.28
14488,4.47
14489,4.35
14490,3.51
14491,2.95
14492,5.33
14493,4.87
14494,5.21
14495,4.39
14496,5.06
14497,3.85
14498,5.06
14499,5.26
14500,5.17
14501,4.45
14502,5.22
14503,5.09
14504,4.95
14505,4.07
14506,5.24
14507,5.41
14508,4.85
14509,5.16
14510,4.03
14511,5.55
14512,4.41
14513,3.18
14514,4.4
14515,4.64
14516,5.19
14517,3.39
14518,5.19
14519,3.97
14520,4.68
14521,4.24
14522,5.33
14523,3.63
14524,5.04
14525,5.06
14526,5.0
14527,4.18
14528,4.79
14529,5.27
14530,5.78
14531,5.44
14532,4.52
14533,4.67
14534,4.75
14535,2.95
14536,4.01
14537,5.29
14538,5.04
14539,5.44
14540,5.08
14541,5.51
14542,5.03
14543,5.07
14544,4.59
14545,3.87
14546,4.19
14547,3.41
14548,5.06
14549,5.16
14550,4.81
14551,4.12
14552,5.37
14553,5.23
14554,4.91
14555,5.2
14556,4.15
14557,4.04
14558,5.21
14559,4.57
14560,5.23
14561,4.21
14562,4.97
14563,5.48
14564,3.8
14565,5.12
14566,5.24
14567,5.29
14568,2.91
14569,5.42
14570,5.16
14571,5.26
14572,3.0
14573,4.82
14574,5.39
14575,3.13
14576,5.41
14577,4.83
14578,4.61
14579,5.32
14580,5.01
14581,5.44
14582,4.92
14583,4.4
14584,2.49
14585,5.34
14586,5.43
14587,5.4
14588,4.99
14589,5.14
14590,5.32
14591,5.19
14592,5.13
14593,4.47
14594,5.3
14595,4.64
14596,5.05
14597,4.7
14598,3.39
14599,4.68
14600,2.75
14601,3.2
14602,4.54
14603,4.34
14604,5.0
14605,5.38
14606,3.79
14607,4.17
14608,5.37
14609,5.51
14610,4.77
14611,3.84
14612,4.77
14613,3.81
14614,5.87
14615,5.26
14616,2.72
14617,3.22
14618,5.2
14619,5.21
14620,5.46
14621,4.3
14622,4.02
14623,5.14
14624,5.15
14625,5.46
14626,5.03
14627,3.91
14628,5.2
14629,4.42
14630,4.13
14631,3.96
14632,4.28
14633,5.5
14634,5.34
14635,5.15
14636,5.31
14637,4.36
14638,4.93
14639,5.17
14640,3.15
14641,5.32
14642,5.09
14643,5.09
14644,1.39
14645,4.49
14646,5.4
14647,4.9
14648,3.55
14649,2.79
14650,5.42
14651,4.11
14652,4.05
14653,4.94
14654,4.0
14655,4.77
14656,5.31
14657,5.39
14658,3.96
14659,4.79
14660,5.35
14661,3.42
14662,4.97
14663,5.12
14664,5.23
14665,4.93
14666,5.42
14667,5.07
14668,4.64
14669,5.03
14670,4.74
14671,5.12
14672,4.68
14673,4.47
14674,5.39
14675,5.08
14676,3.81
14677,2.34
14678,2.59
14679,5.09
14680,3.36
14681,4.03
14682,4.54
14683,4.37
14684,5.29
14685,4.75
14686,5.38
14687,1.38
14688,4.37
14689,2.73
14690,4.04
14691,3.98
14692,5.43
14693,5.56
14694,4.85
14695,4.32
14696,5.32
14697,5.07
14698,5.38
14699,2.28
14700,2.08
14701,4.86
14702,5.21
14703,4.39
14704,4.67
14705,2.34
14706,5.26
14707,5.46
14708,4.82
14709,5.28
14710,4.29
14711,5.0
14712,5.2
14713,3.97
14714,2.44
14715,3.14
14716,4.42
14717,4.91
14718,4.16
14719,5.34
14720,4.57
14721,4.33
14722,5.38
14723,3.8
14724,5.65
14725,3.18
14726,5.18
14727,3.82
14728,5.38
14729,4.76
14730,3.94
14731,4.9
14732,4.61
14733,4.63
14734,5.52
14735,5.02
14736,4.5
14737,5.14
14738,3.78
14739,5.29
14740,5.28
14741,2.71
14742,5.38
14743,4.28
14744,5.08
14745,2.43
14746,5.17
14747,4.64
14748,3.59
14749,4.73
14750,4.22
14751,2.47
14752,5.34
14753,4.87
14754,3.98
14755,5.25
14756,1.84
14757,5.28
14758,2.87
14759,5.38
14760,4.51
14761,4.64
14762,4.79
14763,4.97
14764,4.51
14765,5.15
14766,5.13
14767,5.34
14768,5.08
14769,5.39
14770,5.26
14771,5.3
14772,5.24
14773,4.7
14774,5.25
14775,5.79
14776,5.06
14777,3.58
14778,5.32
14779,5.4
14780,4.55
14781,5.19
14782,5.25
14783,4.62
14784,4.22
14785,5.42
14786,5.24
14787,5.1
14788,5.17
14789,4.75
14790,5.03
14791,5.5
14792,5.06
14793,5.05
14794,3.52
14795,4.26
14796,4.05
14797,4.26
14798,4.35
14799,4.73
14800,5.31
14801,3.0
14802,5.39
14803,5.18
14804,5.19
14805,4.64
14806,4.22
14807,5.16
14808,4.52
14809,5.25
14810,4.89
14811,3.72
14812,4.84
14813,5.21
14814,4.89
14815,5.39
14816,5.26
14817,5.15
14818,5.29
14819,5.34
14820,5.2
14821,4.47
14822,4.37
14823,4.37
14824,5.46
14825,4.66
14826,4.91
14827,3.69
14828,4.93
14829,5.32
14830,5.32
14831,5.33
14832,4.85
14833,5.26
14834,5.37
14835,3.2
14836,5.36
14837,5.3
14838,5.22
14839,5.13
14840,4.71
14841,5.2
14842,5.26
14843,5.46
14844,4.84
14845,2.94
14846,4.0
14847,5.22
14848,5.46
14849,2.65
14850,5.37
14851,5.31
14852,4.92
14853,5.25
14854,4.56
14855,5.3
14856,5.36
14857,5.06
14858,5.36
14859,4.37
14860,5.23
14861,3.82
14862,5.4
14863,5.26
14864,5.13
14865,3.12
14866,4.33
14867,3.41
14868,5.31
14869,3.23
14870,5.28
14871,4.2
14872,5.4
14873,4.4
14874,4.68
14875,5.38
14876,5.31
14877,5.44
14878,2.39
14879,5.26
14880,4.84
14881,5.47
14882,5.17
14883,5.32
14884,5.14
14885,4.91
14886,5.45
14887,4.58
14888,4.26
14889,5.28
14890,5.35
14891,5.45
14892,3.48
14893,5.24
14894,5.14
14895,5.48
14896,5.43
14897,4.37
14898,5.19
14899,4.92
14900,4.29
14901,4.31
14902,5.47
14903,4.65
14904,5.28
14905,5.32
14906,4.46
14907,3.95
14908,4.95
14909,5.11
14910,4.96
14911,4.5
14912,3.83
14913,5.26
14914,4.35
14915,5.11
14916,2.93
14917,5.35
14918,5.25
14919,5.31
14920,4.07
14921,4.18
14922,4.74
14923,5.29
14924,4.31
14925,5.01
14926,3.71
14927,3.89
14928,4.78
14929,4.61
14930,4.53
14931,2.1
14932,5.09
14933,5.21
14934,5.08
14935,4.96
14936,5.27
14937,5.52
14938,5.17
14939,3.25
14940,4.93
14941,4.53
14942,5.3
14943,5.09
14944,4.59
14945,4.56
14946,4.68
14947,4.64
14948,5.2
14949,3.65
14950,5.02
14951,2.25
14952,5.09
14953,5.27
14954,4.88
14955,5.38
14956,2.31
14957,5.13
14958,4.92
14959,5.29
14960,4.08
14961,5.37
14962,4.69
14963,4.72
14964,3.93
14965,3.98
14966,3.84
14967,5.07
14968,4.4
14969,4.4
14970,5.3
14971,5.12
14972,5.08
14973,2.32
14974,3.42
14975,4.38
14976,4.18
14977,1.14
14978,4.23
14979,5.27
14980,5.34
14981,4.36
14982,2.44
14983,4.76
14984,5.15
14985,5.03
14986,5.14
14987,5.25
14988,5.44
14989,4.53
14990,4.3
14991,5.23
14992,5.68
14993,5.09
14994,4.09
14995,4.28
14996,4.87
14997,3.8
14998,5.49
14999,5.46
15000,5.4
15001,5.27
15002,5.4
15003,5.27
15004,5.03
15005,4.33
15006,5.55
15007,5.02
15008,5.18
15009,5.03
15010,5.21
15011,4.68
15012,4.8
15013,4.57
15014,5.56
15015,3.01
15016,5.58
15017,5.21
15018,3.53
15019,5.2
15020,5.61
15021,4.93
15022,4.54
15023,2.29
15024,5.26
15025,4.46
15026,4.58
15027,5.39
15028,5.02
15029,5.25
15030,4.28
15031,4.88
15032,5.47
15033,5.61
15034,3.14
15035,5.21
15036,4.47
15037,5.19
15038,4.58
15039,5.57
15040,4.94
15041,5.14
15042,3.31
15043,4.92
15044,4.94
15045,4.84
15046,5.06
15047,5.22
15048,5.21
15049,4.78
15050,2.27
15051,3.39
15052,4.66
15053,4.53
15054,5.31
15055,5.04
15056,5.17
15057,3.13
15058,5.39
15059,5.36
15060,5.45
15061,5.07
15062,5.08
15063,5.15
15064,2.21
15065,1.84
15066,5.04
15067,4.75
15068,4.11
15069,5.39
15070,4.51
15071,5.23
15072,5.26
15073,4.36
15074,5.33
15075,5.27
15076,4.87
15077,5.37
15078,5.12
15079,4.84
15080,3.67
15081,4.48
15082,4.57
15083,3.23
15084,4.92
15085,5.03
15086,3.74
15087,4.5
15088,5.23
15089,4.7
15090,4.89
15091,5.25
15092,5.23
15093,5.31
15094,5.28
15095,5.38
15096,4.13
15097,4.35
15098,5.35
15099,5.04
15100,5.35
15101,5.56
15102,5.38
15103,5.24
15104,3.13
15105,5.05
15106,5.26
15107,4.56
15108,5.22
15109,4.94
15110,2.3
15111,5.26
15112,4.87
15113,5.33
15114,5.23
15115,4.43
15116,3.09
15117,5.2
15118,4.43
15119,5.27
15120,4.3
15121,5.44
15122,5.08
15123,3.86
15124,5.29
15125,5.44
15126,5.09
15127,4.85
15128,4.75
15129,4.31
15130,3.91
15131,4.47
15132,5.44
15133,5.19
15134,5.31
15135,4.56
15136,2.67
15137,4.96
15138,4.99
15139,5.06
15140,5.25
15141,4.53
15142,5.27
15143,5.32
15144,4.78
15145,5.16
15146,5.32
15147,5.27
15148,4.57
15149,4.64
15150,5.27
15151,5.28
15152,3.85
15153,5.24
15154,4.9
15155,2.36
15156,4.89
15157,5.08
15158,5.52
15159,4.81
15160,3.74
15161,5.3
15162,4.85
15163,5.34
15164,3.94
15165,5.24
15166,5.24
15167,5.41
15168,5.3
15169,5.27
15170,5.21
15171,4.82
15172,5.22
15173,4.49
15174,5.15
15175,4.92
15176,2.1
15177,4.19
15178,5.31
15179,5.32
15180,4.77
15181,4.78
15182,4.93
15183,5.41
15184,4.25
15185,5.32
15186,5.02
15187,2.5
15188,4.42
15189,5.3
15190,5.13
15191,5.26
15192,5.29
15193,5.22
15194,4.79
15195,5.14
15196,5.33
15197,3.24
15198,4.95
15199,4.22
15200,4.53
15201,2.83
15202,4.85
15203,4.89
15204,4.31
15205,4.52
15206,4.41
15207,4.06
15208,2.07
15209,5.37
15210,5.24
15211,5.06
15212,2.87
15213,4.85
15214,4.35
15215,5.27
15216,4.98
15217,4.03
15218,4.81
15219,5.34
15220,2.61
15221,4.41
15222,5.24
15223,5.24
15224,3.61
15225,4.85
15226,3.73
15227,4.78
15228,5.39
15229,4.18
15230,4.52
15231,3.51
15232,4.99
15233,4.94
15234,5.02
15235,5.22
15236,4.73
15237,5.78
15238,5.49
15239,3.89
15240,4.15
15241,5.49
15242,4.85
15243,4.06
15244,4.38
15245,4.31
15246,5.33
15247,5.41
15248,5.22
15249,5.17
15250,4.6
15251,4.19
15252,5.49
15253,5.2
15254,5.09
15255,4.31
15256,5.13
15257,2.41
15258,5.01
15259,2.78
15260,4.21
15261,5.13
15262,4.95
15263,4.04
15264,5.04
15265,5.02
15266,3.08
15267,5.24
15268,4.99
15269,5.26
15270,5.17
15271,4.99
15272,4.04
15273,4.2
15274,4.15
15275,5.19
15276,4.24
15277,4.71
15278,5.22
15279,5.45
15280,3.41
15281,5.23
15282,5.2
15283,1.54
15284,4.41
15285,2.45
15286,4.5
15287,3.91
15288,5.25
15289,5.01
15290,4.42
15291,5.42
15292,4.07
15293,5.4
15294,5.34
15295,5.28
15296,5.15
15297,5.25
15298,4.96
15299,3.4
15300,3.45
15301,5.25
15302,4.88
15303,5.61
15304,5.23
15305,5.15
15306,5.15
15307,4.58
15308,5.02
15309,5.34
15310,5.75
15311,4.31
15312,4.65
15313,2.53
15314,4.95
15315,5.13
15316,5.24
15317,5.29
15318,4.84
15319,5.43
15320,4.53
15321,5.22
15322,4.97
15323,4.89
15324,4.22
15325,5.5
15326,3.46
15327,5.0
15328,4.22
15329,5.27
15330,5.02
15331,5.18
15332,5.63
15333,5.23
15334,4.47
15335,3.62
15336,4.5
15337,5.5
15338,4.76
15339,5.21
15340,4.85
15341,4.06
15342,4.38
15343,4.07
15344,4.37
15345,4.85
15346,4.72
15347,5.46
15348,4.13
15349,3.07
15350,4.91
15351,5.02
15352,5.2
15353,4.82
15354,3.94
15355,5.36
15356,4.16
15357,3.96
15358,5.43
15359,5.44
15360,4.77
15361,4.89
15362,4.71
15363,5.08
15364,5.02
15365,4.11
15366,4.39
15367,4.2
15368,5.63
15369,5.41
15370,5.15
15371,5.58
15372,5.16
15373,3.92
15374,5.38
15375,2.86
15376,5.36
15377,5.67
15378,4.11
15379,5.18
15380,5.34
15381,3.03
15382,4.8
15383,5.3
15384,5.21
15385,5.24
15386,5.37
15387,3.14
15388,5.1
15389,5.1
15390,4.53
15391,3.82
15392,5.49
15393,5.23
15394,5.04
15395,4.22
15396,5.27
15397,4.04
15398,4.43
15399,4.09
15400,5.16
15401,5.35
15402,4.79
15403,5.56
15404,4.22
15405,5.21
15406,5.26
15407,4.28
15408,2.94
15409,4.72
15410,5.14
15411,4.86
15412,5.39
15413,4.54
15414,3.43
15415,5.27
15416,4.48
15417,2.25
15418,5.34
15419,5.28
15420,4.53
15421,5.86
15422,5.3
15423,2.53
15424,5.15
15425,2.95
15426,5.16
15427,5.2
15428,5.37
15429,5.56
15430,4.98
15431,3.75
15432,4.49
15433,5.21
15434,5.22
15435,4.23
15436,3.15
15437,4.93
15438,5.42
15439,4.81
15440,3.24
15441,4.57
15442,4.72
15443,5.39
15444,3.04
15445,5.36
15446,4.61
15447,4.67
15448,5.1
15449,3.74
15450,0.49
15451,5.11
15452,5.08
15453,5.49
15454,4.93
15455,3.1
15456,5.03
15457,3.57
15458,5.27
15459,4.86
15460,4.82
15461,3.77
15462,5.34
15463,5.46
15464,4.39
15465,4.3
15466,5.51
15467,5.23
15468,4.25
15469,5.42
15470,5.43
15471,3.46
15472,5.38
15473,4.53
15474,4.09
15475,4.91
15476,4.43
15477,5.1
15478,3.58
15479,5.03
15480,5.05
15481,5.16
15482,5.26
15483,5.22
15484,5.39
15485,3.29
15486,4.22
15487,4.33
15488,5.27
15489,5.15
15490,4.33
15491,4.82
15492,5.13
15493,5.3
15494,5.27
15495,5.38
15496,5.43
15497,3.42
15498,4.94
15499,5.13
15500,4.97
15501,5.0
15502,4.14
15503,5.48
15504,5.28
15505,5.12
15506,5.48
15507,3.68
15508,4.85
15509,5.25
15510,4.2
15511,4.86
15512,5.36
15513,5.18
15514,5.03
15515,5.3
15516,4.79
15517,5.02
15518,5.42
15519,5.09
15520,5.42
15521,5.35
15522,4.6
15523,5.33
15524,4.97
15525,3.99
15526,5.41
15527,5.29
15528,5.05
15529,1.84
15530,3.97
15531,5.22
15532,4.63
15533,5.44
15534,4.19
15535,5.32
15536,5.28
15537,5.28
15538,4.06
15539,4.9
15540,4.46
15541,4.55
15542,4.92
15543,3.39
15544,2.1
15545,5.11
15546,5.46
15547,4.36
15548,5.24
15549,4.08
15550,4.89
15551,3.87
15552,5.35
15553,5.09
15554,5.04
15555,5.2
15556,3.42
15557,4.66
15558,5.37
15559,4.98
15560,4.3
15561,4.62
15562,4.7
15563,5.1
15564,5.42
15565,5.16
15566,5.31
15567,5.13
15568,5.29
15569,5.04
15570,5.24
15571,4.77
15572,4.3
15573,4.2
15574,4.96
15575,5.38
15576,5.39
15577,5.5
15578,4.82
15579,4.3
15580,5.15
15581,5.33
15582,5.2
15583,5.34
15584,4.29
15585,5.43
15586,4.64
15587,5.39
15588,4.92
15589,4.4
15590,4.03
15591,4.32
15592,5.35
15593,5.23
15594,4.85
15595,3.12
15596,3.8
15597,5.34
15598,5.19
15599,5.11
15600,5.0
15601,5.12
15602,4.05
15603,3.01
15604,3.83
15605,5.3
15606,5.41
15607,4.45
15608,5.34
15609,4.94
15610,5.3
15611,5.29
15612,4.6
15613,5.03
15614,4.32
15615,1.61
15616,5.37
15617,5.19
15618,5.1
15619,5.09
15620,5.25
15621,3.35
15622,4.82
15623,1.15
15624,4.96
15625,5.05
15626,5.27
15627,3.81
15628,5.11
15629,5.38
15630,5.52
15631,4.48
15632,2.19
15633,4.39
15634,4.94
15635,4.66
15636,4.43
15637,3.95
15638,5.41
15639,4.76
15640,5.57
15641,4.85
15642,5.14
15643,5.31
15644,4.75
15645,5.5
15646,5.57
15647,5.23
15648,5.12
15649,4.75
15650,5.21
15651,4.64
15652,5.31
15653,4.93
15654,4.11
15655,3.36
15656,5.23
15657,5.33
15658,4.33
15659,5.12
15660,5.37
15661,4.71
15662,4.19
15663,4.65
15664,5.16
15665,3.62
15666,5.52
15667,4.79
15668,5.04
15669,4.1
15670,2.84
15671,5.24
15672,4.45
15673,4.6
15674,2.93
15675,5.29
15676,5.22
15677,4.61
15678,5.16
15679,5.27
15680,5.04
15681,4.29
15682,4.75
15683,5.06
15684,4.52
15685,5.23
15686,5.29
15687,4.08
15688,2.83
15689,5.16
15690,5.42
15691,4.67
15692,5.02
15693,2.86
15694,4.15
15695,4.71
15696,5.34
15697,5.3
15698,4.6
15699,4.26
15700,5.22
15701,3.27
15702,3.76
15703,5.39
15704,5.18
15705,4.56
15706,4.77
15707,5.36
15708,4.88
15709,4.57
15710,5.08
15711,5.34
15712,4.76
15713,5.08
15714,4.56
15715,5.27
15716,5.07
15717,4.59
15718,5.32
15719,5.31
15720,5.05
15721,5.07
15722,4.03
15723,5.39
15724,2.89
15725,4.56
15726,5.3
15727,3.64
15728,5.39
15729,5.17
15730,5.28
15731,5.09
15732,5.31
15733,5.18
15734,3.61
15735,5.61
15736,5.23
15737,4.46
15738,5.25
15739,4.67
15740,4.65
15741,3.1
15742,4.68
15743,5.01
15744,5.33
15745,4.2
15746,4.15
15747,5.29
15748,4.62
15749,5.16
15750,5.28
15751,4.83
15752,4.46
15753,4.59
15754,4.27
15755,5.42
15756,5.29
15757,2.83
15758,5.06
15759,4.22
15760,3.86
15761,5.37
15762,3.13
15763,3.41
15764,5.23
15765,5.21
15766,4.18
15767,5.29
15768,5.01
15769,5.24
15770,5.27
15771,3.21
15772,5.25
15773,4.35
15774,4.17
15775,3.19
15776,4.75
15777,4.11
15778,2.5
15779,4.41
15780,5.31
15781,5.1
15782,5.34
15783,5.22
15784,4.23
15785,4.9
15786,5.16
15787,4.61
15788,3.22
15789,3.69
15790,3.0
15791,5.23
15792,5.19
15793,4.84
15794,2.65
15795,4.57
15796,4.48
15797,5.29
15798,5.46
15799,4.33
15800,3.67
15801,5.27
15802,5.37
15803,5.09
15804,3.6
15805,5.27
15806,4.42
15807,5.29
15808,5.55
15809,5.35
15810,4.64
15811,5.1
15812,3.28
15813,4.74
15814,5.33
15815,3.61
15816,2.9
15817,5.16
15818,5.47
15819,5.02
15820,3.73
15821,4.24
15822,4.27
15823,2.55
15824,4.3
15825,4.61
15826,5.37
15827,5.32
15828,5.1
15829,3.9
15830,4.98
15831,4.94
15832,5.1
15833,4.64
15834,3.96
15835,5.41
15836,5.02
15837,5.32
15838,4.81
15839,5.39
15840,5.55
15841,4.72
15842,3.44
15843,4.94
15844,5.28
15845,3.54
15846,5.04
15847,3.4
15848,3.43
15849,4.79
15850,5.08
15851,5.35
15852,5.02
15853,5.2
15854,4.14
15855,5.02
15856,4.46
15857,3.25
15858,5.48
15859,4.86
15860,4.71
15861,4.98
15862,4.97
15863,5.06
15864,5.18
15865,5.32
15866,5.3
15867,4.79
15868,5.46
15869,4.82
15870,4.76
15871,2.81
15872,5.25
15873,5.07
15874,3.26
15875,5.31
15876,5.25
15877,3.7
15878,4.3
15879,2.53
15880,4.15
15881,4.32
15882,5.32
15883,4.75
15884,5.29
15885,5.48
15886,5.18
15887,5.31
15888,5.26
15889,4.37
15890,4.38
15891,5.1
15892,5.23
15893,4.42
15894,4.94
15895,3.19
15896,5.31
15897,5.14
15898,4.82
15899,4.49
15900,5.21
15901,5.41
15902,4.9
15903,4.33
15904,2.96
15905,5.13
15906,5.4
15907,5.28
15908,5.24
15909,5.26
15910,4.63
15911,5.34
15912,4.62
15913,4.86
15914,2.7
15915,4.33
15916,4.51
15917,2.19
15918,3.54
15919,4.52
15920,4.72
15921,5.03
15922,5.12
15923,5.19
15924,4.11
15925,3.7
15926,1.66
15927,5.29
15928,4.41
15929,3.82
15930,5.06
15931,5.29
15932,4.28
15933,5.31
15934,2.34
15935,3.64
15936,2.09
15937,5.38
15938,5.27
15939,5.18
15940,4.12
15941,3.18
15942,5.3
15943,4.83
15944,5.08
15945,4.68
15946,5.51
15947,5.26
15948,4.28
15949,5.02
15950,3.39
15951,3.72
15952,4.66
15953,5.03
15954,5.08
15955,2.75
15956,5.41
15957,4.39
15958,5.15
15959,4.42
15960,5.11
15961,3.59
15962,5.41
15963,5.41
15964,4.54
15965,4.83
15966,3.64
15967,5.33
15968,5.01
15969,5.19
15970,5.42
15971,5.27
15972,4.78
15973,3.23
15974,5.17
15975,4.46
15976,5.61
15977,5.14
15978,5.1
15979,5.24
15980,4.37
15981,5.31
15982,5.33
15983,4.67
15984,5.41
15985,5.23
15986,1.15
15987,4.12
15988,4.43
15989,5.34
15990,4.88
15991,5.26
15992,4.38
15993,3.54
15994,5.33
15995,4.85
15996,2.51
15997,4.98
15998,5.28
15999,5.39
16000,5.2
16001,4.9
16002,5.25
16003,4.58
16004,4.61
16005,5.11
16006,4.68
16007,4.49
16008,5.41
16009,4.74
16010,2.69
16011,5.0
16012,3.19
16013,5.24
16014,5.24
16015,5.44
16016,4.59
16017,4.69
16018,5.15
16019,2.56
16020,5.06
16021,5.3
16022,4.6
16023,5.26
16024,5.5
16025,2.78
16026,4.18
16027,5.74
16028,4.66
16029,3.38
16030,2.52
16031,5.48
16032,4.34
16033,3.02
16034,5.45
16035,5.23
16036,5.09
16037,5.3
16038,5.12
16039,5.35
16040,5.32
16041,4.07
16042,5.3
16043,5.55
16044,4.95
16045,5.23
16046,5.35
16047,5.28
16048,2.95
16049,5.09
16050,2.47
16051,4.84
16052,2.79
16053,5.28
16054,4.01
16055,2.88
16056,5.33
16057,5.38
16058,5.38
16059,2.16
16060,3.8
16061,5.35
16062,1.71
16063,3.01
16064,5.3
16065,5.3
16066,5.23
16067,5.05
16068,4.38
16069,3.03
16070,5.25
16071,5.71
16072,4.95
16073,6.14
16074,2.82
16075,4.57
16076,4.98
16077,5.38
16078,3.84
16079,4.87
16080,5.32
16081,4.65
16082,4.78
16083,3.56
16084,2.22
16085,4.4
16086,4.67
16087,3.58
16088,4.14
16089,4.89
16090,4.76
16091,5.12
16092,4.17
16093,5.41
16094,2.73
16095,5.54
16096,5.3
16097,4.06
16098,4.89
16099,2.31
16100,3.64
16101,3.74
16102,3.13
16103,5.45
16104,5.26
16105,5.37
16106,4.7
16107,5.14
16108,4.5
16109,5.17
16110,5.48
16111,4.74
16112,5.51
16113,5.24
16114,3.66
16115,4.61
16116,5.25
16117,5.02
16118,4.73
16119,4.64
16120,5.18
16121,5.48
16122,5.05
16123,4.84
16124,4.79
16125,4.74
16126,2.83
16127,4.25
16128,4.66
16129,5.02
16130,4.72
16131,5.4
16132,4.66
16133,5.17
16134,4.7
16135,5.34
16136,5.2
16137,4.12
16138,5.22
16139,5.21
16140,5.19
16141,3.22
16142,5.44
16143,4.88
16144,3.26
16145,5.23
16146,5.41
16147,5.0
16148,5.23
16149,3.41
16150,4.65
16151,4.52
16152,4.75
16153,2.15
16154,2.1
16155,4.78
16156,4.06
16157,5.29
16158,5.01
16159,4.99
16160,5.11
16161,5.08
16162,4.76
16163,4.54
16164,3.19
16165,5.47
16166,5.39
16167,5.3
16168,4.56
16169,3.09
16170,5.31
16171,3.71
16172,5.34
16173,4.92
16174,5.24
16175,5.24
16176,4.19
16177,5.0
16178,2.6
16179,2.59
16180,4.97
16181,5.49
16182,5.32
16183,4.95
16184,5.23
16185,4.85
16186,4.69
16187,4.91
16188,4.16
16189,5.27
16190,5.08
16191,4.78
16192,5.2
16193,5.1
16194,5.35
16195,5.05
16196,5.35
16197,5.18
16198,5.31
16199,4.74
16200,5.14
16201,4.91
16202,5.02
16203,4.79
16204,3.56
16205,4.12
16206,5.51
16207,3.61
16208,4.82
16209,5.05
16210,2.41
16211,5.16
16212,5.4
16213,4.65
16214,5.38
16215,5.53
16216,5.25
16217,5.25
16218,4.37
16219,5.1
16220,5.08
16221,4.87
16222,2.84
16223,4.81
16224,5.41
16225,5.28
16226,5.3
16227,4.51
16228,5.27
16229,5.23
16230,4.74
16231,2.67
16232,5.15
16233,5.25
16234,5.31
16235,4.96
16236,3.66
16237,5.01
16238,5.15
16239,5.3
16240,5.39
16241,4.43
16242,4.98
16243,5.5
16244,4.74
16245,3.67
16246,5.28
16247,4.62
16248,3.64
16249,5.16
16250,2.64
16251,3.07
16252,5.61
16253,4.96
16254,4.86
16255,4.73
16256,2.89
16257,3.09
16258,4.43
16259,4.31
16260,5.55
16261,5.24
16262,4.65
16263,3.34
16264,4.71
16265,5.29
16266,3.41
16267,3.23
16268,4.36
16269,4.57
16270,4.74
16271,4.35
16272,5.1
16273,5.31
16274,4.94
16275,4.97
16276,4.88
16277,5.07
16278,4.83
16279,3.11
16280,1.45
16281,5.21
16282,5.35
16283,5.3
16284,3.83
16285,4.48
16286,5.52
16287,2.14
16288,5.3
16289,5.01
16290,3.04
16291,5.24
16292,5.42
16293,3.85
16294,4.65
16295,5.15
16296,5.16
16297,3.43
16298,5.3
16299,5.16
16300,3.61
16301,4.48
16302,5.42
16303,4.46
16304,2.48
16305,2.43
16306,5.41
16307,2.49
16308,5.22
16309,4.27
16310,5.07
16311,5.26
16312,5.28
16313,4.85
16314,1.52
16315,4.57
16316,3.97
16317,5.1
16318,5.37
16319,4.19
16320,5.46
16321,4.99
16322,4.95
16323,5.25
16324,5.15
16325,5.42
16326,2.71
16327,3.38
16328,5.21
16329,5.19
16330,5.24
16331,4.95
16332,5.1
16333,4.36
16334,4.54
16335,4.73
16336,5.16
16337,5.49
16338,5.21
16339,4.88
16340,5.2
16341,5.36
16342,5.34
16343,5.34
16344,4.67
16345,5.17
16346,5.3
16347,5.15
16348,2.82
16349,3.14
16350,3.53
16351,5.01
16352,4.66
16353,4.8
16354,5.3
16355,3.23
16356,5.28
16357,1.19
16358,4.51
16359,5.4
16360,4.76
16361,5.53
16362,5.01
16363,4.81
16364,4.9
16365,5.16
16366,3.95
16367,3.83
16368,5.33
16369,2.98
16370,5.27
16371,4.42
16372,5.2
16373,2.04
16374,4.58
16375,4.77
16376,5.03
16377,5.06
16378,5.08
16379,5.2
16380,5.7
16381,5.39
16382,4.8
16383,4.09
16384,4.46
16385,4.92
16386,4.96
16387,5.4
16388,4.43
16389,2.87
16390,5.45
16391,4.01
16392,5.01
16393,5.33
16394,3.04
16395,3.72
16396,5.39
16397,4.4
16398,3.71
16399,5.12
16400,3.82
16401,5.27
16402,5.28
16403,5.32
16404,3.85
16405,5.24
16406,3.43
16407,5.35
16408,5.1
16409,5.31
16410,5.1
16411,5.23
16412,4.49
16413,4.58
16414,5.36
16415,5.28
16416,5.12
16417,4.92
16418,4.89
16419,5.53
16420,5.28
16421,4.95
16422,5.09
16423,5.56
16424,5.17
16425,3.49
16426,4.33
16427,5.34
16428,4.46
16429,3.98
16430,5.25
16431,4.51
16432,5.06
16433,5.11
16434,5.03
16435,2.22
16436,2.53
16437,5.2
16438,5.39
16439,5.17
16440,5.26
16441,2.1
16442,4.95
16443,3.49
16444,4.36
16445,5.43
16446,3.44
16447,5.04
16448,5.12
16449,4.13
16450,3.39
16451,2.74
16452,5.1
16453,3.96
16454,5.02
16455,3.97
16456,4.35
16457,4.99
16458,5.31
16459,3.31
16460,5.16
16461,4.77
16462,3.64
16463,5.16
16464,5.74
16465,5.3
16466,4.51
16467,5.22
16468,4.42
16469,2.53
16470,2.79
16471,4.87
16472,5.26
16473,4.75
16474,3.23
16475,4.05
16476,4.93
16477,5.3
16478,5.16
16479,5.18
16480,2.43
16481,2.64
16482,5.34
16483,4.91
16484,5.42
16485,5.26
16486,5.04
16487,4.61
16488,5.23
16489,5.25
16490,1.87
16491,5.44
16492,5.06
16493,4.58
16494,5.15
16495,4.25
16496,2.93
16497,4.21
16498,4.35
16499,5.13
16500,4.27
16501,5.29
16502,4.39
16503,4.53
16504,4.33
16505,5.32
16506,5.23
16507,5.22
16508,5.29
16509,5.46
16510,5.51
16511,4.43
16512,5.23
16513,4.11
16514,5.52
16515,2.95
16516,3.82
16517,5.22
16518,5.38
16519,4.84
16520,4.7
16521,4.01
16522,5.34
16523,5.26
16524,5.28
16525,4.58
16526,4.97
16527,5.34
16528,2.62
16529,5.03
16530,4.42
16531,5.0
16532,3.73
16533,5.3
16534,5.46
16535,4.06
16536,4.44
16537,5.44
16538,5.48
16539,5.52
16540,5.12
16541,5.47
16542,5.22
16543,3.88
16544,5.4
16545,4.32
16546,4.48
16547,4.7
16548,5.32
16549,5.16
16550,5.26
16551,2.77
16552,5.38
16553,5.2
16554,5.35
16555,3.2
16556,4.16
16557,3.11
16558,4.98
16559,2.31
16560,3.69
16561,3.59
16562,4.41
16563,4.46
16564,5.39
16565,4.94
16566,4.57
16567,5.16
16568,3.7
16569,3.06
16570,5.42
16571,5.35
16572,4.49
16573,5.19
16574,9.28
16575,5.15
16576,5.24
16577,5.23
16578,4.25
16579,3.54
16580,3.93
16581,4.23
16582,4.83
16583,4.27
16584,4.35
16585,4.94
16586,4.83
16587,4.96
16588,5.21
16589,4.56
16590,5.19
16591,4.88
16592,4.39
16593,5.6
16594,4.46
16595,4.01
16596,4.28
16597,2.33
16598,5.21
16599,5.53
16600,2.37
16601,4.42
16602,4.95
16603,5.39
16604,4.89
16605,5.03
16606,5.14
16607,5.2
16608,5.21
16609,4.34
16610,4.93
16611,5.38
16612,4.04
16613,5.29
16614,3.41
16615,1.08
16616,5.23
16617,4.61
16618,5.2
16619,3.83
16620,3.58
16621,4.97
16622,5.38
16623,4.98
16624,5.01
16625,4.87
16626,4.44
16627,5.27
16628,4.58
16629,5.5
16630,4.62
16631,4.22
16632,3.97
16633,2.74
16634,5.2
16635,4.99
16636,5.11
16637,5.16
16638,5.07
16639,4.94
16640,3.21
16641,4.91
16642,5.42
16643,4.46
16644,4.67
16645,4.9
16646,5.34
16647,5.54
16648,4.38
16649,2.25
16650,4.86
16651,5.34
16652,2.39
16653,4.78
16654,5.32
16655,4.31
16656,2.01
16657,3.11
16658,5.38
16659,5.44
16660,5.1
16661,4.64
16662,5.23
16663,3.77
16664,4.31
16665,5.41
16666,4.19
16667,5.28
16668,5.37
16669,5.41
16670,4.33
16671,3.57
16672,2.25
16673,3.56
16674,2.69
16675,4.18
16676,5.0
16677,5.21
16678,4.59
16679,4.61
16680,4.86
16681,5.21
16682,5.14
16683,2.69
16684,4.65
16685,3.73
16686,5.19
16687,5.11
16688,4.95
16689,5.25
16690,5.21
16691,3.84
16692,4.58
16693,5.18
16694,5.23
16695,5.44
16696,4.8
16697,5.19
16698,5.29
16699,5.42
16700,5.14
16701,5.33
16702,5.11
16703,4.61
16704,5.32
16705,2.89
16706,5.01
16707,5.24
16708,4.9
16709,3.35
16710,4.98
16711,4.98
16712,5.45
16713,5.26
16714,2.82
16715,3.23
16716,3.78
16717,4.02
16718,5.33
16719,5.02
16720,5.24
16721,4.41
16722,5.19
16723,5.11
16724,5.35
16725,4.1
16726,5.24
16727,5.29
16728,5.06
16729,4.88
16730,5.24
16731,5.67
16732,5.23
16733,5.03
16734,4.63
16735,4.78
16736,4.76
16737,5.38
16738,3.2
16739,5.04
16740,4.18
16741,4.71
16742,4.25
16743,4.93
16744,5.35
16745,4.51
16746,3.83
16747,3.46
16748,4.93
16749,5.15
16750,5.04
16751,5.2
16752,5.37
16753,5.02
16754,5.31
16755,5.13
16756,5.21
16757,5.21
16758,3.08
16759,4.76
16760,2.12
16761,4.17
16762,4.97
16763,5.16
16764,4.71
16765,4.04
16766,5.38
16767,5.26
16768,2.41
16769,5.39
16770,4.01
16771,3.07
16772,5.54
16773,5.23
16774,5.26
16775,4.29
16776,5.37
16777,4.66
16778,4.63
16779,4.86
16780,4.79
16781,4.68
16782,3.1
16783,5.38
16784,5.2
16785,5.24
16786,4.99
16787,5.49
16788,4.39
16789,5.34
16790,3.39
16791,5.02
16792,4.07
16793,3.92
16794,5.63
16795,5.04
16796,4.49
16797,4.41
16798,5.43
16799,4.67
16800,4.43
16801,5.01
16802,5.3
16803,5.1
16804,3.25
16805,5.17
16806,5.01
16807,3.22
16808,4.66
16809,5.23
16810,4.82
16811,4.6
16812,5.23
16813,5.05
16814,3.89
16815,4.6
16816,5.06
16817,4.81
16818,5.2
16819,4.51
16820,4.66
16821,3.69
16822,4.52
16823,4.56
16824,5.47
16825,4.8
16826,5.42
16827,4.41
16828,4.05
16829,3.98
16830,5.27
16831,5.32
16832,3.08
16833,4.25
16834,3.77
16835,4.39
16836,5.32
16837,2.48
16838,4.59
16839,5.38
16840,4.19
16841,5.25
16842,5.06
16843,5.36
16844,5.09
16845,5.12
16846,3.44
16847,4.3
16848,5.23
16849,3.69
16850,5.35
16851,4.4
16852,5.09
16853,2.91
16854,3.63
16855,3.34
16856,5.48
16857,5.42
16858,5.14
16859,2.36
16860,3.82
16861,3.41
16862,5.44
16863,4.73
16864,5.14
16865,5.49
16866,2.11
16867,3.92
16868,5.19
16869,5.22
16870,5.0
16871,2.56
16872,4.5
16873,5.38
16874,5.21
16875,4.72
16876,5.27
16877,4.43
16878,5.15
16879,5.23
16880,5.26
16881,5.19
16882,5.13
16883,5.31
16884,3.49
16885,5.32
16886,5.25
16887,4.49
16888,4.93
16889,5.31
16890,5.24
16891,5.3
16892,4.51
16893,5.27
16894,3.93
16895,4.41
16896,5.04
16897,5.28
16898,4.3
16899,5.41
16900,4.89
16901,5.18
16902,4.78
16903,4.35
16904,3.95
16905,4.01
16906,5.29
16907,4.99
16908,3.51
16909,4.41
16910,3.39
16911,2.05
16912,4.54
16913,4.06
16914,5.31
16915,4.76
16916,5.18
16917,5.06
16918,5.38
16919,4.6
16920,4.97
16921,4.47
16922,5.28
16923,4.43
16924,4.98
16925,5.52
16926,3.72
16927,5.29
16928,4.14
16929,5.24
16930,4.08
16931,5.23
16932,5.32
16933,5.25
16934,5.03
16935,4.88
16936,4.53
16937,5.0
16938,4.85
16939,4.69
16940,4.78
16941,5.35
16942,5.3
16943,4.24
16944,5.22
16945,5.02
16946,5.23
16947,5.03
16948,5.17
16949,4.62
16950,5.25
16951,4.62
16952,3.59
16953,3.76
16954,4.36
16955,5.07
16956,5.15
16957,4.68
16958,3.82
16959,4.38
16960,5.12
16961,4.58
16962,4.33
16963,5.24
16964,2.36
16965,5.27
16966,5.61
16967,5.03
16968,4.33
16969,5.12
16970,4.98
16971,5.21
16972,5.41
16973,5.23
16974,4.52
16975,4.19
16976,2.76
16977,5.07
16978,2.92
16979,5.18
16980,5.13
16981,2.31
16982,5.08
16983,5.23
16984,3.21
16985,5.13
16986,5.1
16987,5.09
16988,4.56
16989,2.87
16990,5.04
16991,2.38
16992,5.33
16993,5.2
16994,5.16
16995,5.38
16996,4.91
16997,4.26
16998,5.71
16999,5.3
17000,3.25
17001,4.47
17002,5.16
17003,4.4
17004,5.4
17005,3.73
17006,4.44
17007,4.32
17008,2.2
17009,4.35
17010,5.18
17011,4.14
17012,4.17
17013,4.18
17014,5.07
17015,5.42
17016,5.18
17017,4.0
17018,3.21
17019,4.7
17020,5.25
17021,5.18
17022,4.68
17023,5.32
17024,4.58
17025,5.12
17026,3.99
17027,3.2
17028,2.58
17029,5.23
17030,4.57
17031,4.46
17032,4.59
17033,5.56
17034,2.66
17035,5.77
17036,5.13
17037,3.09
17038,5.16
17039,4.15
17040,3.66
17041,4.97
17042,5.34
17043,5.32
17044,2.73
17045,2.93
17046,5.3
17047,5.14
17048,2.98
17049,5.11
17050,5.11
17051,5.25
17052,5.5
17053,4.79
17054,5.04
17055,5.05
17056,5.06
17057,5.11
17058,4.21
17059,3.3
17060,5.12
17061,5.4
17062,5.37
17063,5.14
17064,5.08
17065,2.3
17066,1.07
17067,5.33
17068,5.15
17069,3.59
17070,5.15
17071,5.14
17072,5.21
17073,5.2
17074,5.17
17075,5.35
17076,5.37
17077,4.05
17078,4.49
17079,5.26
17080,4.43
17081,5.47
17082,5.32
17083,4.44
17084,4.56
17085,5.17
17086,3.07
17087,5.23
17088,4.22
17089,3.62
17090,5.34
17091,4.78
17092,5.15
17093,4.44
17094,5.27
17095,4.08
17096,6.03
17097,4.87
17098,4.52
17099,4.54
17100,1.67
17101,2.66
17102,4.55
17103,5.37
17104,2.95
17105,5.35
17106,5.46
17107,4.7
17108,4.71
17109,4.87
17110,5.19
17111,3.95
17112,5.31
17113,4.39
17114,5.37
17115,4.37
17116,5.07
17117,4.13
17118,5.41
17119,3.67
17120,5.45
17121,4.55
17122,2.42
17123,5.32
17124,5.23
17125,3.7
17126,4.55
17127,3.59
17128,4.94
17129,5.31
17130,3.15
17131,5.14
17132,4.98
17133,5.2
17134,5.27
17135,4.87
17136,4.07
17137,5.34
17138,4.28
17139,3.42
17140,2.51
17141,5.26
17142,4.62
17143,5.15
17144,5.16
17145,4.34
17146,5.21
17147,5.21
17148,5.19
17149,4.39
17150,5.35
17151,4.77
17152,5.37
17153,2.38
17154,2.56
17155,5.37
17156,5.11
17157,5.47
17158,5.4
17159,3.38
17160,5.29
17161,2.64
17162,5.3
17163,5.3
17164,3.23
17165,5.11
17166,4.64
17167,4.92
17168,5.02
17169,5.32
17170,4.17
17171,5.37
17172,5.4
17173,3.88
17174,3.17
17175,5.26
17176,3.33
17177,5.22
17178,4.28
17179,3.52
17180,4.27
17181,5.16
17182,5.36
17183,4.27
17184,4.82
17185,5.21
17186,5.24
17187,4.81
17188,5.08
17189,5.32
17190,5.5
17191,4.0
17192,5.17
17193,5.43
17194,5.17
17195,5.53
17196,2.66
17197,5.34
17198,3.16
17199,5.57
17200,5.17
17201,4.21
17202,5.0
17203,3.84
17204,5.14
17205,5.44
17206,5.16
17207,5.05
17208,5.23
17209,1.07
17210,5.43
17211,3.57
17212,5.29
17213,4.26
17214,4.45
17215,5.21
17216,5.2
17217,4.52
17218,4.13
17219,5.23
17220,5.04
17221,3.53
17222,4.44
17223,2.53
17224,3.4
17225,3.03
17226,5.35
17227,4.54
17228,5.17
17229,3.03
17230,4.07
17231,5.09
17232,5.35
17233,4.12
17234,3.58
17235,2.44
17236,4.71
17237,4.9
17238,4.25
17239,2.62
17240,5.36
17241,4.34
17242,5.27
17243,5.21
17244,3.2
17245,4.84
17246,5.1
17247,5.32
17248,5.22
17249,2.0
17250,4.18
17251,4.62
17252,5.02
17253,2.75
17254,5.21
17255,5.26
17256,5.38
17257,5.1
17258,4.08
17259,5.53
17260,4.57
17261,5.19
17262,5.0
17263,5.4
17264,5.17
17265,5.57
17266,4.57
17267,4.47
17268,5.24
17269,5.13
17270,3.75
17271,5.34
17272,4.01
17273,4.61
17274,5.15
17275,3.49
17276,5.17
17277,5.31
17278,5.35
17279,3.68
17280,3.77
17281,5.26
17282,4.48
17283,5.1
17284,2.53
17285,4.82
17286,4.88
17287,5.31
17288,4.34
17289,5.54
17290,2.0
17291,5.11
17292,5.18
17293,5.26
17294,4.82
17295,5.08
17296,5.42
17297,5.02
17298,3.72
17299,3.4
17300,5.01
17301,5.17
17302,5.2
17303,4.7
17304,4.83
17305,5.27
17306,5.0
17307,4.7
17308,5.54
17309,5.31
17310,5.24
17311,4.29
17312,5.07
17313,4.87
17314,5.05
17315,4.53
17316,5.14
17317,0.76
17318,5.1
17319,5.09
17320,3.36
17321,5.41
17322,3.21
17323,5.02
17324,5.07
17325,5.14
17326,4.22
17327,5.0
17328,5.37
17329,5.21
17330,3.61
17331,5.36
17332,4.38
17333,5.38
17334,5.39
17335,3.25
17336,5.16
17337,5.09
17338,4.17
17339,5.69
17340,1.88
17341,5.49
17342,4.47
17343,5.45
17344,4.37
17345,1.6
